number,option1,option2,option1Votes,option2Votes,recommended,active,available,hidden,like,dislike,cat
1,Lose the ability to read,Lose the ability to speak,87440,49538,0,1,1,0,0,0,Unspecified
2,Lose the ability to read,Lose the ability to speak,87440,49539,0,1,1,0,0,0,Unspecified
3,Be the richest person in the world and live your intended lifetime,Be poor and live forever,106105,28651,0,1,1,0,0,0,Unspecified
4,Lose the ability to read,Lose the ability to speak,87440,49540,0,1,1,0,0,0,Unspecified
5,Be the richest person in the world and live your intended lifetime,Be poor and live forever,106105,28652,0,1,1,0,0,0,Unspecified
6,Time travel one time and return,Control humans with your mind forever,35124,98606,0,1,1,0,0,0,Unspecified
7,Lose the ability to pee,Lose the ability to poop,52291,81324,0,1,1,0,0,0,Unspecified
8,See one day into your own future,Visit the after-life one time and return,47865,85298,0,1,1,0,0,0,Unspecified
9,Be a King/Queen of an empire 2500 years ago,Be the president/prime minister today,61347,72035,0,1,1,0,0,0,Unspecified
10,Post every text message you ever sent on the internet,Have tattoos on your forehead depicting everything you did the day before,98744,49059,0,1,1,0,0,0,Unspecified
11,Live stream your entire life for everyone to see,Anyone around you can hear your thoughts for the rest of your life,103015,44964,0,1,1,0,0,0,Unspecified
12,Live to be 400 and look 400 your entire life,Live to be 80 and look 25 your entire life,24556,108748,0,1,1,0,0,0,Unspecified
13,Never be able to use toilet paper,Never be able to brush your teeth,95894,37689,0,1,1,0,0,0,Unspecified
14,Be able to stop time whenever you wanted,Get whatever you want just by thinking it (except life),48692,84141,0,1,1,0,0,0,Unspecified
15,Randomly time travel +/- 20 years every time you pass gas,"Teleport to a different place on earth every time you sneeze (land, not water)",46656,101359,0,1,1,0,0,0,Unspecified
16,Have to scream as loud as you can before starting every conversation “I'm a Leprechaun”,Have to smack every person you have a conversation with and call them an idiot,81224,66113,0,1,1,0,0,0,Unspecified
17,Have your skin change colors based on your emotions forever,Wake up every morning with a randomly different face for a year,76130,56028,0,1,1,0,0,0,Unspecified
18,Go into the past and meet your ancestors,Go into the future and meet your great-great grandchildren,60539,71558,0,1,1,0,0,0,Unspecified
19,Be Elon Musk,Be Jeff Bezos,91573,42724,0,1,1,0,0,0,Unspecified
20,Be able to have nine lives,Be able to have $9 million dollars with one life,70850,62979,0,1,1,0,0,0,Unspecified
21,Save your spouse,Save your child,52910,97205,0,1,1,0,0,0,Unspecified
22,Never have to go to work a day in your life,Never feel tired a day in your life,57591,75528,0,1,1,0,0,0,Unspecified
23,Be the smartest person in the world,Be the wealthiest person in the world,76141,58035,0,1,1,0,0,0,Unspecified
24,Live in constant fear of being assasinated,Have a traumatic injury in your young adult life (full recovery: 5 years),38057,93433,0,1,1,0,0,0,Unspecified
25,Lick the bottom of a worn shoe,Eat from a strangers feet,96513,35507,0,1,1,0,0,0,Unspecified
26,Find the true love of your life,Be friends with all of your favorite celebrities,79576,54215,0,1,1,0,0,0,Unspecified
27,Be able to bring 3 dead people you loved back to life,Be guaranteed an extra 20 years on all of your current family member's lives,51511,80318,0,1,1,0,0,0,Unspecified
28,Be abducted by an alien,Be thrown in jail for a crime you did not commit,91612,41580,0,1,1,0,0,0,Unspecified
29,Have a mild case of COVID-19 for the rest of your life,Have a heart attack several times a year,100796,31294,0,1,1,0,0,0,Unspecified
30,Fall down a flight of stairs,Get thrown out of a moving vehicle at 50mph,97670,35398,0,1,1,0,0,0,Unspecified
31,Be able to be invisible,Be able to fly everywhere,67437,66473,0,1,1,0,0,0,Unspecified
32,Always speak your mind (including very harsh truths),Never speak up for yourself,91340,41958,0,1,1,0,0,0,Unspecified
33,Find the cure for cancer,Find the solution to world peace,65631,67679,0,1,1,0,0,0,Unspecified
34,Be immune from all laws within your country,Be president of your country,95761,37278,0,1,1,0,0,0,Unspecified
35,Vomit every time you see the color brown,Have to sneeze ten times whenever you are touched,52562,96748,0,1,1,0,0,0,Unspecified
36,Find the meaning of life,Find all of the government's top secrets,57376,76107,0,1,1,0,0,0,Unspecified
37,Have to tell your crush your most embarrassing story,Have to stand in a subway naked for one hour,112151,21105,0,1,1,0,0,0,Unspecified
38,Be able to read anyone's mind,Know the exact time you will die,115559,18884,0,1,1,0,0,0,Unspecified
39,Know the exact time when each of your family members will die,Save a group of children from death and give them their intended lifetime,37175,95650,0,1,1,0,0,0,Unspecified
40,Marry an exact clone of yourself,Marry your sister/brother,100937,32270,0,1,1,0,0,0,Unspecified
41,Be able to have any pet you want,Be able to have any electronic device you want,49879,82877,0,1,1,0,0,0,Unspecified
42,Be very sensitive to everything people say,Never be able to hear the opinions of others,64888,69462,0,1,1,0,0,0,Unspecified
43,Be the smartest person in the world,Be the strongest person in the world,102357,32164,0,1,1,0,0,0,Unspecified
44,Be born into a rich family,Work for all your wealth but have more,54119,80479,0,1,1,0,0,0,Unspecified
45,Lose one eye,Lose one arm,100913,33110,0,1,1,0,0,0,Unspecified
46,Live through the bubonic plague,Live through World War One,32541,100303,0,1,1,0,0,0,Unspecified
47,Be able to taste any food by looking at it,Be able to feel anything by looking at it,76706,55637,0,1,1,0,0,0,Unspecified
48,Visit every state in your country,Visit every country in the world,26605,107085,0,1,1,0,0,0,Unspecified
49,Constantly hear a high pitch sound,Be unable to hear your voice when you speak,48033,84491,0,1,1,0,0,0,Unspecified
50,Be able to find anything by thinking about it,Be able to date any person you can think of,79915,52601,0,1,1,0,0,0,Unspecified
51,"Stay in high school your entire life but make $100,000/year","Be able to work your dream job but make $60,000/year",48702,101343,0,1,1,0,0,0,Unspecified
52,Be publicly embarrassed but have everyone forget after a year,Have your entire family publicly embarrassed for 2 years,108316,23633,0,1,1,0,0,0,Unspecified
53,Live with a complete slob,Live with a complete idiot,41893,90294,0,1,1,0,0,0,Unspecified
54,Have to live under a bridge ,Have to live inside a strangers bathroom,80559,51418,0,1,1,0,0,0,Unspecified
55,Go to work/school everyday hungry ,Go to work/school everyday exhausted ,78829,52778,0,1,1,0,0,0,Unspecified
56,Live through the sinking of the Titanic,Live through a kidnapping,66502,64954,0,1,1,0,0,0,Unspecified
57,Have to urinate on trees,Have to poop on carpets,117478,15280,0,1,1,0,0,0,Unspecified
58,Live through your biggest fear,Have to relive your biggest regret,55488,75569,0,1,1,0,0,0,Unspecified
59,Lick a pile of dog poop,Lick the floor of a school bathroom,23352,107558,0,1,1,0,0,0,Unspecified
60,Never be able to remember names,Never be able to visualize images,91392,40708,0,1,1,0,0,0,Unspecified
61,Live alone for the rest of your life,Live single with 10 kids ,84969,47222,0,1,1,0,0,0,Unspecified
62,Run 5 Miles Everyday,"Do 1,000 Jumping Jacks Everyday",73637,31288,0,1,1,0,0,0,Unspecified
63,Have unlimited water,Have unlimited Food,47340,85693,0,1,1,0,0,0,Unspecified
64,Kill your dog,Kill your best friend,85761,44854,0,1,1,0,0,0,Unspecified
65,Get super strong every time you get touched,Get super speed every time you get touched,62752,68601,0,1,1,0,0,0,Unspecified
66,Only be able to remember 3 things perfectly,Have permanent short term memory loss,76472,54278,0,1,1,0,0,0,Unspecified
67,"Be an idiot, but receive $1,000,000 each year","Be very smart, but earn $125,000 each year",48630,84093,0,1,1,0,0,0,Unspecified
68,Be stuck in a chickens body your entire life,Be stuck in a pigs body your entire life,83774,49398,0,1,1,0,0,0,Unspecified
69,Die in front of your friends,Let your friends die in front of you,91270,42211,0,1,1,0,0,0,Unspecified
70,Have to eat seven cockroaches,Have to eat an entire snake,740,1326,0,1,1,0,0,0,Unspecified
71,Lose the ability to read,Lose the ability to write,14249,67844,0,1,1,0,0,0,Unspecified
72,Ability to Fly,Ability to become invisible at will,33337,49541,0,1,1,0,0,0,Unspecified
73,Communicate with animals,Speak all languages fluently,28579,53842,0,1,1,0,0,0,Unspecified
74,Always be 2 hours late,Always be 2 hours early,13461,69557,0,1,1,0,0,0,Unspecified
75,Have a photographic Memory,Be able to forget anything at will,58859,23462,0,1,1,0,0,0,Unspecified
76,Have a personal chef,Have a personal driver,62272,20526,0,1,1,0,0,0,Unspecified
77,Control weather with your mind,Control animals with your mind,43670,38411,0,1,1,0,0,0,Unspecified
78,"Live without social media (Ex: Instagram, Twitter)","Live without video streaming platforms (Ex: Youtube, Netflix)",75646,23354,0,1,1,0,0,0,Unspecified
79,Ability to breath underwater,Ability to fall from any height without injury,34064,47418,0,1,1,0,0,0,Unspecified
80,Communicate with your past self,Communicate with your future self,27027,54556,0,1,1,0,0,0,Unspecified
81,Have unlimited money,Have unlimited friends,67149,16358,0,1,1,0,0,0,Unspecified
82,Live without music,Live without movies,22391,60104,0,1,1,0,0,0,Unspecified
83,Have perfect memory,Have perfect beauty,50382,32593,0,1,1,0,0,0,Unspecified
84,Always be sunny outside,Always be dark outside,55425,26700,0,1,1,0,0,0,Unspecified
85,Lose your spouse,Lose your parents,59941,21717,0,1,1,0,0,0,Unspecified
86,Lose 20% of your IQ,Lose 20% of your wealth,18811,64267,0,1,1,0,0,0,Unspecified
87,Walk everywhere,Run everywhere,53665,28987,0,1,1,0,0,0,Unspecified
88,Post every text you ever sent on the internet,Post every phone call you ever had on the internet,21972,59340,0,1,1,0,0,0,Unspecified
89,Find your true love but loose your career,Have a successful career without love,39713,42033,0,1,1,0,0,0,Unspecified
90,Marry an exact clone of yourself,Never have a life partner,37752,44115,0,1,1,0,0,0,Unspecified
91,"Be born in a rich, but corrupt family","Be born in a poor, but moral family",46674,35184,0,1,1,0,0,0,Unspecified
92,Never lose anything,Never break anything,59244,23147,0,1,1,0,0,0,Unspecified
93,Have your memory wiped,Have your bank account(s) wiped,19640,62554,0,1,1,0,0,0,Unspecified
94,Have a large family,Have a large friend group,34840,47488,0,1,1,0,0,0,Unspecified
95,Permanent Summer,Permanent Winter,47832,35127,0,1,1,0,0,0,Unspecified
96,Have one pet,Have one child,53481,30074,0,1,1,0,0,0,Unspecified
97,Live in the Sahara Desert,Live in Antarctica,29989,51940,0,1,1,0,0,0,Unspecified
98,Make $350k a year robbing innocent people,Make $40k year helping people in need,39761,59286,0,1,1,0,0,0,Unspecified
99,Be able to buy happiness,Be able to buy love,58172,24192,0,1,1,0,0,0,Unspecified
100,Free food for life,Free gas for life,64392,18705,0,1,1,0,0,0,Unspecified
101,Know HOW you will die,Know WHEN you will die,37633,44751,0,1,1,0,0,0,Unspecified
102,Only eat fruit,Only eat meat,33808,49007,0,1,1,0,0,0,Unspecified
103,Lose your hearing,Lose your eyesight,69415,13348,0,1,1,0,0,0,Unspecified
104,Always have the urge to poop,Always have the urge to pee,24427,57500,0,1,1,0,0,0,Unspecified
105,Lose weight by thinking,Lose weight by eating,31851,50676,0,1,1,0,0,0,Unspecified
106,Have unsupporting friends,Have no friends,24203,57964,0,1,1,0,0,0,Unspecified
107,Eat the same meals everyday,Only drink water but eat whatever,9610,72543,0,1,1,0,0,0,Unspecified
108,Never celebrate birthdays,Never celebrate holidays,62702,19811,0,1,1,0,0,0,Unspecified
109,Be stuck living forever,Have one life but have it very well spent,16096,66051,0,1,1,0,0,0,Unspecified
110,Have hands for feet,Have feet for hands,68378,13628,0,1,1,0,0,0,Unspecified
111,Be the most famous person in the world,Be the richest person in the world,12884,69607,0,1,1,0,0,0,Unspecified
112,Change gender everyday,Change families everyday,60400,21782,0,1,1,0,0,0,Unspecified
113,Lick a stranger's foot,Lick a stranger's hand,12587,69621,0,1,1,0,0,0,Unspecified
114,Save 10 People but Sacrifice yourself,Let 10 people die to save yourself,33094,48801,0,1,1,0,0,0,Unspecified
115,"Get $5,000 everytime someone lies to you","Get $100,000 everytime family/friend dies",76735,5943,0,1,1,0,0,0,Unspecified
116,Have two arms but one leg,Have two legs but one 1 arm,38111,44000,0,1,1,0,0,0,Unspecified
117,Have world Peace,Have a world that will never end,61623,20619,0,1,1,0,0,0,Unspecified
118,Do school/work in person,Do school/work at home,37032,44817,0,1,1,0,0,0,Unspecified
119,Marry the ugliest person in the world,Marry the dumbest person in the world,25543,56775,0,1,1,0,0,0,Unspecified
120,Be in a coma for one year,Be in jail for one year,55090,27301,0,1,1,0,0,0,Unspecified
121,Live underwater,Live in space,40678,42161,0,1,1,0,0,0,Unspecified
122,Have the hottest spouse,Have the smartest spouse,37436,44447,0,1,1,0,0,0,Unspecified
123,Have no internet,Have no personal vehicle,14688,68021,0,1,1,0,0,0,Unspecified
124,Laugh every time someone cries,Get angry every time someone is happy,61527,20643,0,1,1,0,0,0,Unspecified
125,Be publicly hated but secretly loved by everyone,Be publicly loved but secretly hated by everyone,71045,11193,0,1,1,0,0,0,Unspecified
126,Have your entire life made into a movie,Have your entire life written in a book,50471,31367,0,1,1,0,0,0,Unspecified
127,Have a jumpscare every 1 hour,Vomit once everyday,39289,42900,0,1,1,0,0,0,Unspecified
128,Wear a face mask for the rest of your life,Wear goggles for the rest of your life,38590,43404,0,1,1,0,0,0,Unspecified
129,Be a famous social media influencer,Be a famous hollywood movie actor,26318,55826,0,1,1,0,0,0,Unspecified
130,Be dumb and useless,Be ugly and smelly,55102,26971,0,1,1,0,0,0,Unspecified
131,Be unable to brush your teeth,Be unable to shower,58512,23859,0,1,1,0,0,0,Unspecified
132,Have an extra arm,Have an extra leg,72021,10782,0,1,1,0,0,0,Unspecified
133,Have an extremely restrictive diet,Always be constipated,59478,22117,0,1,1,0,0,0,Unspecified
134,Always Rain,Always Snow,42791,40164,0,1,1,0,0,0,Unspecified
135,Have a large flood,Have a large drought,48836,32594,0,1,1,0,0,0,Unspecified
136,Give up your life right now,Have 100 kids right now,42205,40165,0,1,1,0,0,0,Unspecified
137,Have no electricity,Have no indoor plumbing,26584,55630,0,1,1,0,0,0,Unspecified
138,Have any ability of your choice,Live in any movie/book series,64155,17866,0,1,1,0,0,0,Unspecified
139,Have no one come to your wedding,Have no one come to your birthdays,39955,42217,0,1,1,0,0,0,Unspecified
140,Die alone but have a packed funeral,Have no one come to your funeral,38086,43687,0,1,1,0,0,0,Unspecified
141,Only have street smarts,Only have book smarts,45494,36317,0,1,1,0,0,0,Unspecified
142,Have Invincibility,Have Telekinesis,37072,45521,0,1,1,0,0,0,Unspecified
143,Live in a loud city,Live in a secluded area 10 miles from anyone,45506,36261,0,1,1,0,0,0,Unspecified
144,Travel your country for free but only by train,Travel the world for free but only by boat,28242,32837,0,1,1,0,0,0,Unspecified
145,Be able to fly planes,Be able to sail boats,50238,11913,0,1,1,0,0,0,Unspecified
146,Be able to control water,Be able to control fire,43371,18173,0,1,1,0,0,0,Unspecified
147,Unstable career but make $1m/year,Stable career but make $125k/year,33719,27924,0,1,1,0,0,0,Unspecified
148,Be smart but heavily relied upon,Be stupid but completely taken care of,40306,20338,0,1,1,0,0,0,Unspecified
149,Have a 3D printer that can only make food,Have a normal 3d printer that can only make objects,36625,24932,0,1,1,0,0,0,Unspecified
150,Be granted one wish per year without changing the past,Be able to go back in time and fix one mistake per year,44248,16479,0,1,1,0,0,0,Unspecified
151,Never kill insects,Have someone die anytime you kill an insect,43512,18144,0,1,1,0,0,0,Unspecified
152,Have ten extra toes,Have ten extra fingers,24506,37279,0,1,1,0,0,0,Unspecified
153,Only watch movies,Only listen to music,20574,41391,0,1,1,0,0,0,Unspecified
154,Always have an itch somewhere on your body,Always have the feeling of an insect crawling on you,43607,17193,0,1,1,0,0,0,Unspecified
155,Have family but no friends,Have friends but no family,40046,21451,0,1,1,0,0,0,Unspecified
156,Double your IQ,Double your wealth,43720,18567,0,1,1,0,0,0,Unspecified
157,Always be cold,Always be hot,42895,18940,0,1,1,0,0,0,Unspecified
158,Be a dog,Be a cat,30598,31770,0,1,1,0,0,0,Unspecified
159,Transform into any object,Transform into any animal,18842,42772,0,1,1,0,0,0,Unspecified
160,Have a partner that does not like you,Never have a partner,14496,47191,0,1,1,0,0,0,Unspecified
161,Only Drink Coca-Cola,Only Drink Pepsi,40325,21705,0,1,1,0,0,0,Unspecified
162,Have nothing to drink,Have nothing to eat,25773,36180,0,1,1,0,0,0,Unspecified
163,Stub your toe everytime you walk,Stumble every time you walk up/down stairs,16596,44115,0,1,1,0,0,0,Unspecified
164,Live on another planet,Live on a private island,14984,46968,0,1,1,0,0,0,Unspecified
165,Go permanently bald,Have uncontrollable hair growth,28744,33136,0,1,1,0,0,0,Unspecified
166,Loose your eyebrows,Loose all the hair on your head,34655,26783,0,1,1,0,0,0,Unspecified
167,Have super strength,Have super speed,22556,39306,0,1,1,0,0,0,Unspecified
168,Have the ability to fly,Have the ability to breathe underwater,45541,16263,0,1,1,0,0,0,Unspecified
169,Win the lottery,Find true love,35655,26293,0,1,1,0,0,0,Unspecified
170,Have all the power in the world,Have all the knowledge in the world,24397,37157,0,1,1,0,0,0,Unspecified
171,Travel the world,Stay in one place and explore everything it has to offer,51482,10053,0,1,1,0,0,0,Unspecified
172,Read people's thoughts,Read people's memories,45645,16047,0,1,1,0,0,0,Unspecified
173,Live in a world without war,Live in a world without poverty,33549,27878,0,1,1,0,0,0,Unspecified
174,Be able to heal anyone,Be able to bring dead people back to life,37430,24470,0,1,1,0,0,0,Unspecified
175,Poop your pants in public,Pee your pants in public,16129,45641,0,1,1,0,0,0,Unspecified
176,Be punched once a day,Be kicked twice a day,43442,18367,0,1,1,0,0,0,Unspecified
177,Only have 5 hours of a day fully alert,Have a full 14 hour day but be exhausted,36537,23454,0,1,1,0,0,0,Unspecified
178,Be stuck on the streets for the rest of your life,Be stuck in your home for the rest of your life,20300,40873,0,1,1,0,0,0,Unspecified
179,Always have your fingers caught in the door,Always receive a splinter when touching a door,19982,40563,0,1,1,0,0,0,Unspecified
180,Only eat sweet food,Only eat spicy food,29584,32450,0,1,1,0,0,0,Unspecified
181,Be stuck outside in a tornado,Be stuck outside during a hurricane,32185,29174,0,1,1,0,0,0,Unspecified
182,Receive a life prison sentence,Recieve the death penalty,27320,34219,0,1,1,0,0,0,Unspecified
183,Only be able to dance,Only be able to sing,21837,40217,0,1,1,0,0,0,Unspecified
184,Always have a pebble in your shoe,Always have wet socks,42890,18796,0,1,1,0,0,0,Unspecified
185,Have to kill five people you know,Have to kill one stranger,8947,52727,0,1,1,0,0,0,Unspecified
186,Never get sick,Never have to sleep,39855,22147,0,1,1,0,0,0,Unspecified
187,Host a party,Attend a party,12863,49078,0,1,1,0,0,0,Unspecified
188,Be a leader and make decisions for others,Be a follower and let others make the decisions for you,47995,13385,0,1,1,0,0,0,Unspecified
189,Have a great memory,Have a great sense of humor,32767,28724,0,1,1,0,0,0,Unspecified
190,Be able to cook like a professional chef,Sing like a professional singer,36907,24559,0,1,1,0,0,0,Unspecified
191,Date someone that is similar to you,Date someone who is very different from you,40675,20179,0,1,1,0,0,0,Unspecified
192,Never experience happiness,Never experience sadness (neutral emotion),7756,54158,0,1,1,0,0,0,Unspecified
193,Travel to a new destination each year,Revisit your favorite destination repeatedly each year,45820,14897,0,1,1,0,0,0,Unspecified
194,"Have a long, fulfilling career with modest success",Short but highly successful career,28921,32004,0,1,1,0,0,0,Unspecified
195,"Have a reliable, practical car",Have a luxury car that requires tedious weekly maintenance,48083,13026,0,1,1,0,0,0,Unspecified
196,Be a perfect artist,Be a perfect mathematician,32326,29530,0,1,1,0,0,0,Unspecified
197,Have a physically abusive partner,Have an emotionally abusive partner,29286,31374,0,1,1,0,0,0,Unspecified
198,Live under a constant COVID Lockdown,Live freely but risk spreading COVID,22891,38583,0,1,1,0,0,0,Unspecified
199,Always be right,Always get what you want,15607,46440,0,1,1,0,0,0,Unspecified
200,Be unable to listen to new music,Be unable to relisten to music,47439,14132,0,1,1,0,0,0,Unspecified
201,Lie for a friend cheating on their GF/BF,Snitch on a friend cheating on their GF/BF,28465,32320,0,1,1,0,0,0,Unspecified
202,Have 1 million Tik Tok followers,Have 1 million Instagram followers,22948,38810,0,1,1,0,0,0,Unspecified
203,Have very bad spring allergies,Have a very bad Flu strain each winter,34090,26786,0,1,1,0,0,0,Unspecified
204,Be ghosted by your crush,Be told you aren't liked by your crush,20968,40470,0,1,1,0,0,0,Unspecified
205,Be able to control the weather but only within a 5 mile radius,Be able to control the global weather but for ten minutes at a time,41304,19090,0,1,1,0,0,0,Unspecified
206,See the future but be unable to change it,Change the future but be unable to foresee the consequences,31242,29353,0,1,1,0,0,0,Unspecified
207,Have a home pool,Have a home hot tub,38990,22415,0,1,1,0,0,0,Unspecified
208,Always be the center of attention,Always be an observer,22132,39491,0,1,1,0,0,0,Unspecified
209,Be the first to arrive at parties,Be the last to leave parties,33645,27803,0,1,1,0,0,0,Unspecified
210,Get struck by lightning,Get hit by large falling rocks,48699,13201,0,1,1,0,0,0,Unspecified
211,Have to bike everywhere,Have to rely solely on public transportation,28923,32083,0,1,1,0,0,0,Unspecified
212,Only eat candy,Only eat cake,24864,37101,0,1,1,0,0,0,Unspecified
213,Always yell when talking,Always whisper when talking,18054,43682,0,1,1,0,0,0,Unspecified
214,Be good at something but have no passion,Have a passion for something but not be good at it,38507,22364,0,1,1,0,0,0,Unspecified
215,Lose the ability to talk,Lose the ability to hear,48386,13259,0,1,1,0,0,0,Unspecified
216,Have a personal maid,Have a personal assistant,25180,36528,0,1,1,0,0,0,Unspecified
217,Be reincarnated with your past memories but no skill,Be reincarnateed with your past skills but not memory,30505,29957,0,1,1,0,0,0,Unspecified
218,Get a brain freeze every time you drink anything,Get a toothache every time you eat anything,48761,12355,0,1,1,0,0,0,Unspecified
219,Always have dry lips,Always have dry eyes,48699,13555,0,1,1,0,0,0,Unspecified
220,Say thank you every time someone insults you,Say screw you anytime someone compliments you,53376,8434,0,1,1,0,0,0,Unspecified
221,Screem every time you are touched,Flinch every time you are touched,9104,51877,0,1,1,0,0,0,Unspecified
222,Be the only person that doesn't get to live forever,Be the only person that lives forever,38008,22770,0,1,1,0,0,0,Unspecified
223,Be hated for always doing the right thing,Be loved for always doing the wrong thing,35651,25907,0,1,1,0,0,0,Unspecified
224,Be a cannibal,Be an entomophage (eat insects),1522,3358,0,1,1,0,0,0,Unspecified
225,Go to jail for one year,Receive two years of house arrest,824,2310,0,1,1,0,0,0,Unspecified
226,Have a painless death right now,Stay alive but have a very painful death when the unknown time comes,1491,1558,0,1,1,0,0,0,Unspecified
227,Receive a life prison sentence,Recieve the death penalty,1439,1661,0,1,1,0,0,0,Unspecified
228,Have the ability to create anything,Have the ability to destroy anything,2750,315,0,1,1,0,0,0,Unspecified
229,Only be able to kiss your spouse,Only be able to hug your spouse,1754,1303,0,1,1,0,0,0,Unspecified
230,Kill someone but have no one know,Don't kill anyone but have everyone think you did,2406,690,0,1,1,0,0,0,Unspecified
231,Be immortal but paralytic (unable to move),Be mortal without any major medical issues,274,2806,0,1,1,0,0,0,Unspecified
232,Never be able to lie,Never be able to tell the truth,2522,556,0,1,1,0,0,0,Unspecified
233,Go to public school,Be homeschooled,2355,780,0,1,1,0,0,0,Unspecified
234,Never listen to music again,Always hear music playing,819,2314,0,1,1,0,0,0,Unspecified
235,Have to go to school in a shopping cart pushed by your mom,Have to go to school in a wagon pulled by your dad,1156,1910,0,1,1,0,0,0,Unspecified
236,Be a great painter,Be a great sculptor,2171,907,0,1,1,0,0,0,Unspecified
237,Only be able to swim in pools with hot water,Only be able to swim in pools with very cold water,1515,1621,0,1,1,0,0,0,Unspecified
238,Have a brain freeze every time you drink,Have a toothache every time you eat,2441,629,0,1,1,0,0,0,Unspecified
239,"Always have a runny, stuffy nose","Always have a mild, dry cough",1056,1965,0,1,1,0,0,0,Unspecified
240,Drink water from a flushed public toilet,Lick a public bathroom floor,1205,1834,0,1,1,0,0,0,Unspecified
241,Never be able to see your best friend(s) again,Never be able to see your pet(s) again,983,2027,0,1,1,0,0,0,Unspecified
242,Never be able to watch movies,Never be able to watch tv shows,1263,1719,0,1,1,0,0,0,Unspecified
243,Never experience romantic love at all,Discover your true love but be unable to have them,1718,1290,0,1,1,0,0,0,Unspecified
244,Only drink water,Only drink soda,2721,389,0,1,1,0,0,0,Unspecified
245,Poop on yourself once a day,Pee on yourself once a day,391,2788,0,1,1,0,0,0,Unspecified
246,Marry your enemy but you will slowly become COMPATIBLE,Marry your crush but you will slowly become INCOMPATIBLE,2556,572,0,1,1,0,0,0,Unspecified
247,Be the smartest but everyone thinks your dumb,Be the dumbest but everyone thinks you're smart,2603,521,0,1,1,0,0,0,Unspecified
248,Be the ONLY person that DOESN'T get to live forever,Be the ONLY person that GETS TO live forever,1841,1259,0,1,1,0,0,0,Unspecified
249,Have a romantic relationship with a dog,Have a romantic relationship with a cat,1631,1388,0,1,1,0,0,0,Unspecified
250,Tongue-kiss a dog/cat,Tongue-kiss a stranger's armpit,1713,1318,0,1,1,0,0,0,Unspecified
251,Play video games for the rest of your life,Watch movies for the rest of your life,2130,1008,0,1,1,0,0,0,Unspecified
252,Double your waist size,Double your height,793,2274,0,1,1,0,0,0,Unspecified
253,Always have a random taste in your mouth,Be unable to have taste in your mouth,2028,1066,0,1,1,0,0,0,Unspecified
254,Be blind,Be deaf,515,2551,0,1,1,0,0,0,Unspecified
255,Be able to slow down time,Be able to speed up time,2485,607,0,1,1,0,0,0,Unspecified
256,Have only one hand,Have only one leg,1710,1397,0,1,1,0,0,0,Unspecified
257,Always be lonely,Always be surrounded by others,965,2066,0,1,1,0,0,0,Unspecified
258,Have your eyes ripped out of their sockets,Have your tongue ripped out of your mouth,739,2270,0,1,1,0,0,0,Unspecified
259,Have more time,Have more money,1277,1806,0,1,1,0,0,0,Unspecified
260,Be in your favorite video game,Be on your favorite show,1525,1555,0,1,1,0,0,0,Unspecified
261,Have free public transportation,Have free public utilities,1455,1554,0,1,1,0,0,0,Unspecified
262,Live in a DC world,Live in a Marvel world,787,2292,0,1,1,0,0,0,Unspecified
263,Live through the 9/11 attack in the U.S,Live through the bombing in Hiroshima,2481,501,0,1,1,0,0,0,Unspecified
264,Be the only child in your family,Have a lot of siblings,1536,1502,0,1,1,0,0,0,Unspecified
265,"Become any vertebrate animal (Ex: Lion, Bird, Frog)","Become any invertebrate animal (Ex: Insects, Lobster, Jellyfish)",2603,399,0,1,1,0,0,0,Unspecified
266,Be a super villain,Be a superhero,1226,1836,0,1,1,0,0,0,Unspecified
267,Only celebrate your birthday,Only celebrate the birthdays' of others,1157,1910,0,1,1,0,0,0,Unspecified
268,Live with people who are obsessed with you,Live with people who hate you,2574,490,0,1,1,0,0,0,Unspecified
269,Live in a very chaotic society,Live in a strictly controlled society,1845,1206,0,1,1,0,0,0,Unspecified
270,Be able to predict the actions of others,Be able to influence the actions of others,1433,1583,0,1,1,0,0,0,Unspecified
271,Drink a shot of hot sauce,Drink a shot of soy sauce,1586,1578,0,1,1,0,0,0,Unspecified
272,Have everything you eat taste like chicken,Have every voice you hear sound like Kanye West,1825,1147,0,1,1,0,0,0,Unspecified
273,Marry your parents,Marry your siblings,658,2278,0,1,1,0,0,0,Unspecified
274,Only drink water,Only drink soda,2697,405,0,1,1,0,0,0,Unspecified
275,Have the ability to cure others of disease,Have the ability to only cure yourself of disease,2309,811,0,1,1,0,0,0,Unspecified
276,Only be able to use curse words,Be mute,1916,1244,0,1,1,0,0,0,Unspecified
277,Drink sewer water,Eat food in the sewer,971,2128,0,1,1,0,0,0,Unspecified
278,Receive $1 million today,Receive $5 million in ten years (Not adjusted for inflation),1777,1275,0,1,1,0,0,0,Unspecified
279,Go without shampoo for the rest of your life.,Go Without a comb/brush for the rest of your life.,1029,2086,0,1,1,0,0,0,Unspecified
280,See who loves you,See who hates you,2228,885,0,1,1,0,0,0,Unspecified
281,Bathe in vomit,Bathe in a pool filled with worms,1070,1936,0,1,1,0,0,0,Unspecified
282,Have to kill your best friend,Have to kill your sibling,1979,1143,0,1,1,0,0,0,Unspecified
283,Pineapple on pizza,No pineapple on pizza,859,2203,0,1,1,0,0,0,Unspecified
284,Be 10 times smarter than the smartest person,Be 10 times stronger than the strongest person,2180,867,0,1,1,0,0,0,Unspecified
285,Be super racist,Be super sexist,1403,1679,0,1,1,0,0,0,Unspecified
286,Be able to hold your breath for ten minutes,Be able to hold notes for ten minutes when singing,2344,732,0,1,1,0,0,0,Unspecified
287,Have someone die when you touch them,Have someone die when you make eye contact with them,1947,1140,0,1,1,0,0,0,Unspecified
288,"Become a god, but with NO powers and be loved",Become satin with all powers and be hated,1777,1224,0,1,1,0,0,0,Unspecified
289,Be mean to everyone that is nice to you,Be nice to everyone that is mean to you,610,2472,0,1,1,0,0,0,Unspecified
290,Be single for life,Have a partner that acts like a child,1511,1547,0,1,1,0,0,0,Unspecified
291,Have bad breath,Have smelly feet,441,2644,0,1,1,0,0,0,Unspecified
292,Stay isolated for the rest of your life,Have no privacy for the rest of your life,1712,1325,0,1,1,0,0,0,Unspecified
293,Have all knowledge but be unable to explain things,Have very limited knowledge but be good at explaining things,1898,1163,0,1,1,0,0,0,Unspecified
294,Have a home gym,Have a home cinema,1604,1528,0,1,1,0,0,0,Unspecified
295,Have an extra eye,Have an extra ear,2310,787,0,1,1,0,0,0,Unspecified
296,Be funny but not cool,Be cool but not funny,1954,1205,0,1,1,0,0,0,Unspecified
297,Lose both your arms,Lose both your legs,840,2252,0,1,1,0,0,0,Unspecified
298,Get a flat tire,Run out of gas,1705,1402,0,1,1,0,0,0,Unspecified
299,Only have spoons,Only have forks,1786,1262,0,1,1,0,0,0,Unspecified
300,$200 every time you get hurt,$20 every time you help someone,2074,1170,0,1,1,0,0,0,Unspecified
301,Be an Elder Sibling,Be a Younger Sibling,1581,1558,0,1,1,0,0,0,Unspecified
302,Take care of animals in a shelter,Take care of children in an orphanage,1995,1042,0,1,1,0,0,0,Unspecified
303,Have a medieval house,Have a modern house,616,2570,0,1,1,0,0,0,Unspecified
304,Have a lazy partner,Have a stupid partner,1826,1276,0,1,1,0,0,0,Unspecified
305,Always be too cold,Always be too hot,2263,847,0,1,1,0,0,0,Unspecified
306,Spend 2 years in prison,Spend your weekends in prison for the next 5 years,1472,1571,0,1,1,0,0,0,Unspecified
307,Live in Paris but feel depressed,Live in North Korea but feel happy,1825,1228,0,1,1,0,0,0,Unspecified
308,Die before your partner,Die after your partner,1493,1525,0,1,1,0,0,0,Unspecified
309,Always be with people but feel alone,Always be alone but not feel alone,923,2124,0,1,1,0,0,0,Unspecified
310,Only speak in Morse code,Only speak in binary,1975,1074,0,1,1,0,0,0,Unspecified
311,Be not cool but smart,Be cool but be dumb,2385,673,0,1,1,0,0,0,Unspecified
312,Control Time,Control Space,2472,612,0,1,1,0,0,0,Unspecified
313,Fight in an ancient war,Fight in a modern war,1735,1352,0,1,1,0,0,0,Unspecified
314,Cheat on someone,Be cheated on,1283,1729,0,1,1,0,0,0,Unspecified
315,Always be constipated,Always have diarrhea,1916,1180,0,1,1,0,0,0,Unspecified
316,Have the power to do whatever you want without getting in trouble,Be able to change the probability of any outcome,1347,1605,0,1,1,0,0,0,Unspecified
317,Have everyone doubt you but succeed,Have everyone believe in you but fail,2828,223,0,1,1,0,0,0,Unspecified
318,Have your bus driver die while driving on a mountain,Have your pilot die while flying,2031,995,0,1,1,0,0,0,Unspecified
319,Have your parachute fail while skydiving,Have an engine failure while flying a helicopter,1167,1852,0,1,1,0,0,0,Unspecified
320,Have any item of clothing you want,Have any food item you want,1449,1572,0,1,1,0,0,0,Unspecified
321,Stub your toe once every day,Whack your funny bone every other day,1193,1777,0,1,1,0,0,0,Unspecified
322,Be the opposite sex for a day,Be an animal of your choosing for a day,1567,1487,0,1,1,0,0,0,Unspecified
323,Only be able to eat with a knife,Only be able to eat with your hands,705,2360,0,1,1,0,0,0,Unspecified
324,Always be itchy,Always be tired,774,2318,0,1,1,0,0,0,Unspecified
325,Live in a developed country but you are poor,Live in an undeveloped country but you are rich,611,2412,0,1,1,0,0,0,Unspecified
326,Be very tall,Be very short,2535,660,0,1,1,0,0,0,Unspecified
327,Always need a watch to tell the time,Always need a clock to tell the time,2613,445,0,1,1,0,0,0,Unspecified
328,Share a first name with an awful person (Ex: Hitler),Share a birthday with a tragic event (Ex: Sept. 11),637,2425,0,1,1,0,0,0,Unspecified
329,Be betrayed by your siblings,Be betrayed by your parents,2374,757,0,1,1,0,0,0,Unspecified
330,Poop your pants when someone laughs,Pee your pants when someone gets angry,399,2569,0,1,1,0,0,0,Unspecified
331,Never understand what people are saying for the first time,Never be understood the first time you say something,1650,1501,0,1,1,0,0,0,Unspecified
332,Be able to shrink whenever you want,Be able to grow whenever you want,1559,1560,0,1,1,0,0,0,Unspecified
333,Only eat expired foods,Only drink expired beverages,597,2414,0,1,1,0,0,0,Unspecified
334,Live alone on a secluded island,Live in an overpopulated city,1159,1835,0,1,1,0,0,0,Unspecified
335,Have whatever you say become real,Have whatever you think become real,2294,785,0,1,1,0,0,0,Unspecified
336,Clone yourself an unlimited amount of times,Clone any object an unlimited amount of times,514,2582,0,1,1,0,0,0,Unspecified
337,Never see an animal ever again,Have a 70% chance of getting attacked by any animal you see,2025,952,0,1,1,0,0,0,Unspecified
338,Receive $1 for every step you've taken in your life,Receive $1 for every blink of your eyes you've taken,444,2656,0,1,1,0,0,0,Unspecified
339,Have no parents at all (assuming you can still exist),Have unsupportive parents,1853,1175,0,1,1,0,0,0,Unspecified
340,Double your intelligence,Double your attractiveness,1974,1171,0,1,1,0,0,0,Unspecified
341,Watch the movie,Read the book,2396,674,0,1,1,0,0,0,Unspecified
342,Have many short-term relationships,Have very few long-term relationships,555,2419,0,1,1,0,0,0,Unspecified
343,Become the King/Queen of the UK,Become the president of the USA,1683,1435,0,1,1,0,0,0,Unspecified
344,Erase all of your past bad memories,Erase your past bad impressions in the memories of others,1106,1914,0,1,1,0,0,0,Unspecified
345,Spend a night on the ocean,Spend a night in a forest,1336,1784,0,1,1,0,0,0,Unspecified
346,Always fall in love too easily,Always have a very hard time falling in love,988,1998,0,1,1,0,0,0,Unspecified
347,Have the power to specifically erase 10 of your memories,Be able to see the memories of others by touching them,25389,96640,0,1,1,0,0,0,Unspecified
348,Travel 10 years into past but you can't return to present,Travel 2 years into the future but you can return to present,39645,74254,0,1,1,0,0,0,Unspecified
349,Be a vampire hunter,Be a vampire,50484,65864,0,1,1,0,0,0,Unspecified
350,Become any character from any game,Become any character from any anime,60083,56550,0,1,1,0,0,0,Unspecified
351,Fly with a Dragon,Swim with a Mermaid,89478,24549,0,1,1,0,0,0,Unspecified
352,Live happily in a kingdom in the sky,Live happily in a kingdom in the ocean,81115,34320,0,1,1,0,0,0,Unspecified
353,Ability to heal yourself and not others,Ability to heal others and not yourself,48098,69338,0,1,1,0,0,0,Unspecified
354,Ability to pause time (only once per day),"Ability to become invisible (lasts an entire day, only once a week)",80701,30227,0,1,1,0,0,0,Unspecified
355,Make anything appear out of thin air (5 hour cooldown),Hypnotize anyone within seeing distance for 12 hours (30 hour cooldown),82233,30912,0,1,1,0,0,0,Unspecified
356,Have hair everywhere on you,Have hair nowhere on you,36197,78705,0,1,1,0,0,0,Unspecified
357,Have infinite knowledge,Be omnipotent,62756,54081,0,1,1,0,0,0,Unspecified
358,Be stuck living forever,Only live for 10 more years,52584,65916,0,1,1,0,0,0,Unspecified
359,Be a vampire,Be a werewolf,67852,48948,0,1,1,0,0,0,Unspecified
360,Have all your fingers permanently replaced by scissors,Have both your feet permanently replaced by butter knives,47571,65951,0,1,1,0,0,0,Unspecified
361,Redo your life from the start with your current memories,Get a completely new life with no memories,86960,25336,0,1,1,0,0,0,Unspecified
362,Be any bird,Be any object,68180,48405,0,1,1,0,0,0,Unspecified
363,Break into a stranger's home and stay for 2 days without them knowing,Stay outside for 6 days,70867,44839,0,1,1,0,0,0,Unspecified
364,"Get piercings everywhere possible (tongue, ears, eyebrows, bellybutton, etc)",Get tattoos all over your body,35024,79246,0,1,1,0,0,0,Unspecified
365,Drown to death in the ocean,Burn to death in lava,62567,54295,0,1,1,0,0,0,Unspecified
366,Know everything about outer space,Know everything about Earth's oceans,73501,40881,0,1,1,0,0,0,Unspecified
367,"Have the love of your life, but be broke","Be forever alone, but rich",59531,59928,0,1,1,0,0,0,Unspecified
368,Never be able to play any game again,"Never be able to watch/stream anything again (Ex: Youtube, Netflix)",65891,48489,0,1,1,0,0,0,Unspecified
369,Work 9 to 5 on a job you hate,Work 7 to 6 on a job you love,12325,105947,0,1,1,0,0,0,Unspecified
370,Your accused of being a criminal but your family/love-one is the criminal,Your family/love ones is accused of being criminals but you're the criminal,62935,50493,0,1,1,0,0,0,Unspecified
371,Live a lonely but saintly life,Have lots of friends but be a slightly bad person,43529,68548,0,1,1,0,0,0,Unspecified
372,Drink hot drinks in Summer,Drink cold drinks in Winter,26280,88482,0,1,1,0,0,0,Unspecified
373,Lose your sense of touch,Lose your sense of sight,97300,20852,0,1,1,0,0,0,Unspecified
374,Get a large tattoo of a person you dislike on your back,Get a master's degree in a field you dislike,18022,97861,0,1,1,0,0,0,Unspecified
375,Pat every animal you see,Sing along to every song you know under any circumstances,47812,49386,0,1,1,0,0,0,Unspecified
376,Have 1 billion dollars,Get 1 penny and double it every day,39477,75998,0,1,1,0,0,0,Unspecified
377,Never worry about wealth,Never worry about health,59921,59423,0,1,1,0,0,0,Unspecified
378,Be the smartest but everyone hates you,Be the stupidest but everyone loves you,56137,57922,0,1,1,0,0,0,Unspecified
379,Drive for at least 3 hours a day,Play chess for at least 3 hours a day,67278,48632,0,1,1,0,0,0,Unspecified
380,Be stranded in North Korea for 50 years,Spend 50 years of jail in russia,72155,45040,0,1,1,0,0,0,Unspecified
381,Have nothing in your life,Have nobody in your life,72935,44657,0,1,1,0,0,0,Unspecified
382,"Only Eat Fast Food (quick, convenient, many options)","Only Eat Homemade Food (takes longer, cheaper in long run, cooking flexibility)",26799,86646,0,1,1,0,0,0,Unspecified
383,Be forever happy but someone else is depressed,Be forever depressed but someone else is happy,93244,23373,0,1,1,0,0,0,Unspecified
384,Wear a sweatshirt in 90 degree weather,Wear a t-shirt in 10 degree weather,46056,69985,0,1,1,0,0,0,Unspecified
385,Everything stays the way it is and you live double your destined life,"You're born into wealthy and lucky circumstances, but live half of your destined life",68782,43273,0,1,1,0,0,0,Unspecified
386,Have your dream car but you can't use it,Have a bad car with infinite gasoline,19733,95376,0,1,1,0,0,0,Unspecified
387,Every food you eat is too salty,Every drink you drink is too sweet,29877,85132,0,1,1,0,0,0,Unspecified
388,Suffer from a disease without any cure,Suffer a wound that will never heal,34307,79466,0,1,1,0,0,0,Unspecified
389,Lose Wifi for a year,Prices go up by 20% for you for a year,60602,56970,0,1,1,0,0,0,Unspecified
390,Always be aroused,Never feel arousal at all,63318,49591,0,1,1,0,0,0,Unspecified
391,Live in a world without internet,Live in a world without music,56280,60016,0,1,1,0,0,0,Unspecified
392,Have the ability to time travel to any point in the past,Have the ability to teleport to any location instantly,35308,76722,0,1,1,0,0,0,Unspecified
393,You live in a fantasy world as an average person (you get to choose the world),You live in the real world but are an above average person (comfortably wealthy & smart),36964,76847,0,1,1,0,0,0,Unspecified
394,Never be able to eat your favourite food,Eat only your favourite food for the rest of your life,73839,42268,0,1,1,0,0,0,Unspecified
395,Live-stream your entire life,Never access social media ever again,42064,72918,0,1,1,0,0,0,Unspecified
396,Only eat burnt food,Always bite your tongue when you eat,52638,64111,0,1,1,0,0,0,Unspecified
397,Scream loudly while you're asleep,Be blind and deaf for the first 30 mins after waking up,35899,79569,0,1,1,0,0,0,Unspecified
398,Have 10 billion dollars but only be able to donate it,Only make money from donations your entire life,75663,40189,0,1,1,0,0,0,Unspecified
399,Never be able to feel anything emotionally again,Never be able to feel anything physically again,44339,70200,0,1,1,0,0,0,Unspecified
400,"Never be able to go outside, but you have internet","Be able to go outside, but have no internet",48818,65208,0,1,1,0,0,0,Unspecified
401,Go to jail for one year,Receive three years of house arrest,39168,74872,0,1,1,0,0,0,Unspecified
402,Have a painless death right now,Stay alive but have a very painful death when the unknown time comes,57377,57888,0,1,1,0,0,0,Unspecified
403,Only be able to kiss your spouse,Only be able to hug your spouse,65492,50696,0,1,1,0,0,0,Unspecified
404,Kill someone but have no one know,Don't kill anyone but have everyone think you did,86195,28263,0,1,1,0,0,0,Unspecified
405,Never listen to music again,Always hear music playing,29642,85312,0,1,1,0,0,0,Unspecified
406,Have to go to school in a shopping cart pushed by your mom,Have to go to school in a wagon pulled by your dad,43137,70324,0,1,1,0,0,0,Unspecified
407,Only be able to swim in pools with hot water,Only be able to swim in pools with very cold water,58873,56568,0,1,1,0,0,0,Unspecified
408,Have a brain freeze every time you drink,Have a toothache every time you eat,89317,23099,0,1,1,0,0,0,Unspecified
409,"Always have a runny, stuffy nose","Always have a mild, dry cough",40264,76050,0,1,1,0,0,0,Unspecified
410,Drink water from a flushed public toilet,Lick a public bathroom floor,46977,68340,0,1,1,0,0,0,Unspecified
411,Never be able to watch movies,Never be able to read books,38668,75624,0,1,1,0,0,0,Unspecified
412,Never experience romantic love at all,Discover your true love but be unable to have them,63776,49984,0,1,1,0,0,0,Unspecified
413,Marry your enemy but you will slowly become COMPATIBLE,Marry your crush but you will slowly become INCOMPATIBLE,97590,19929,0,1,1,0,0,0,Unspecified
414,Be the ONLY person that DOESN'T get to live forever,Be the ONLY person that GETS TO live forever,68995,46975,0,1,1,0,0,0,Unspecified
415,Have a romantic relationship with a dog,Have a romantic relationship with a cat,55311,56415,0,1,1,0,0,0,Unspecified
416,Tongue-kiss a dog/cat,Tongue-kiss a stranger's armpit,60288,51321,0,1,1,0,0,0,Unspecified
417,Play video games for the rest of your life,Watch movies for the rest of your life,77180,38353,0,1,1,0,0,0,Unspecified
418,Always have a random taste in your mouth,Be unable to have taste in your mouth,74681,38971,0,1,1,0,0,0,Unspecified
419,Have only one hand,Have only one leg,61914,53079,0,1,1,0,0,0,Unspecified
420,Always be lonely,Always be surrounded by others,37455,76134,0,1,1,0,0,0,Unspecified
421,Have more time,Have more money,47272,67795,0,1,1,0,0,0,Unspecified
422,Be in your favorite video game,Be on your favorite show,59627,55779,0,1,1,0,0,0,Unspecified
423,Have free public transportation,Have free public utilities,53652,61623,0,1,1,0,0,0,Unspecified
424,Live in a DC world,Live in a Marvel world,33427,83907,0,1,1,0,0,0,Unspecified
425,Be the only child in your family,Have a lot of siblings,54596,61294,0,1,1,0,0,0,Unspecified
426,Be a super villain,Be a superhero,48069,67182,0,1,1,0,0,0,Unspecified
427,only celebrate your birthday,only celebrate the birthdays' of others,40187,75366,0,1,1,0,0,0,Unspecified
428,Live with people who are obsessed with you,Live with people who hate you (no physical violence),92096,23988,0,1,1,0,0,0,Unspecified
429,Live in a very chaotic society,Live in a strictly controlled society,70218,43833,0,1,1,0,0,0,Unspecified
430,Be able to predict the actions of others,Be able to influence the actions of others,52720,61729,0,1,1,0,0,0,Unspecified
431,Drink a shot of hot sauce,Drink a shot of soy sauce,58585,58419,0,1,1,0,0,0,Unspecified
432,Have everything you eat taste like chicken,Have every voice you hear sound like Kanye West,69929,44861,0,1,1,0,0,0,Unspecified
433,Marry your parents,Marry your siblings,26544,82742,0,1,1,0,0,0,Unspecified
434,Only be able to use curse words,Be mute,66181,50515,0,1,1,0,0,0,Unspecified
435,Drink sewer water,Eat food from the sewer,71462,40049,0,1,1,0,0,0,Unspecified
436,Receive $1 million today,Receive $5 million in ten years (unadjusted for inflation),66274,49184,0,1,1,0,0,0,Unspecified
437,Go without shampoo for the rest of your life.,Go Without a comb/brush for the rest of your life.,38936,74421,0,1,1,0,0,0,Unspecified
438,See who actually loves you,See who hates you,80950,31930,0,1,1,0,0,0,Unspecified
439,Have to kill your best friend,Have to kill your sibling,69004,44470,0,1,1,0,0,0,Unspecified
440,Be 10 times smarter than the smartest person,Be 10 times stronger than the strongest person,83197,32543,0,1,1,0,0,0,Unspecified
441,be super racist,be super sexist,56952,56811,0,1,1,0,0,0,Unspecified
442,Have someone die when you touch them,Have someone die when you make eye contact with them,70798,44139,0,1,1,0,0,0,Unspecified
443,"Become a god, but with NO powers and be loved",Become satin with all powers and be hated,60797,39187,0,1,1,0,0,0,Unspecified
444,Be single for life,Have a partner that acts like a child,58354,58443,0,1,1,0,0,0,Unspecified
445,Stay isolated for the rest of your life,Have no privacy for the rest of your life,67714,48920,0,1,1,0,0,0,Unspecified
446,Have all knowledge but be unable to explain things,Have very limited knowledge but be good at explaining things,72271,42394,0,1,1,0,0,0,Unspecified
447,Have a home gym,Have a home cinema,57898,57831,0,1,1,0,0,0,Unspecified
448,Be funny but not cool,Be cool but not funny,70355,46199,0,1,1,0,0,0,Unspecified
449,Get a flat tire,Run out of gas,65915,54264,0,1,1,0,0,0,Unspecified
450,Only have spoons,Only have forks,69383,46099,0,1,1,0,0,0,Unspecified
451,$200 every time you get hurt,$20 every time you help someone,71671,46495,0,1,1,0,0,0,Unspecified
452,Be an Elder Sibling,Be a Younger Sibling,57876,57680,0,1,1,0,0,0,Unspecified
453,Take care of animals in a shelter,Take care of children in an orphanage,72382,41398,0,1,1,0,0,0,Unspecified
454,Have a medieval house,Have a modern house,25655,90213,0,1,1,0,0,0,Unspecified
455,have a lazy partner,have a stupid partner,67160,49952,0,1,1,0,0,0,Unspecified
456,Always be too cold,Always be too hot,80203,33155,0,1,1,0,0,0,Unspecified
457,spend 2 years in prison,Spend your weekends in prison for the next 5 years,56468,57521,0,1,1,0,0,0,Unspecified
458,Live in Paris but feel depressed,Live in North Korea but feel happy,63757,51740,0,1,1,0,0,0,Unspecified
459,Die before your partner,Die after your partner,58779,56599,0,1,1,0,0,0,Unspecified
460,Only speak in Morse code,Only speak in binary,72591,40850,0,1,1,0,0,0,Unspecified
461,Be not cool but smart,Be cool but be dumb,92165,25265,0,1,1,0,0,0,Unspecified
462,Fight in an ancient war,Fight in a modern war,62688,52477,0,1,1,0,0,0,Unspecified
463,Cheat on someone,Be cheated on,49578,67368,0,1,1,0,0,0,Unspecified
464,Always be constipated,Always have diarrhea,69740,46172,0,1,1,0,0,0,Unspecified
465,Have the power to do whatever you want without getting in trouble,Be able to change the probability of any outcome,51588,61555,0,1,1,0,0,0,Unspecified
466,Have your parachute fail while skydiving,Have an engine failure while flying a helicopter,41204,71082,0,1,1,0,0,0,Unspecified
467,Have any item of clothing you want,Have any food item you want,54090,61144,0,1,1,0,0,0,Unspecified
468,Stub your toe once every day,Whack your funny bone every other day,44734,70217,0,1,1,0,0,0,Unspecified
469,Be the opposite sex for a day,Be an animal of your choosing for a day,59285,53870,0,1,1,0,0,0,Unspecified
470,Be able to shrink whenever you want,Be able to grow whenever you want,58409,58106,0,1,1,0,0,0,Unspecified
471,Live alone on a secluded island,Live in an overpopulated city,46139,69840,0,1,1,0,0,0,Unspecified
472,Have whatever you say become real,Have whatever you think become real,87100,29649,0,1,1,0,0,0,Unspecified
473,Never see an animal ever again,Have a 70% chance of getting attacked by any animal you see,77220,39455,0,1,1,0,0,0,Unspecified
474,Have no parents at all (assuming you can still exist),Have unsupportive parents,71353,44716,0,1,1,0,0,0,Unspecified
475,Double your intelligence,Double your attractiveness,71127,43255,0,1,1,0,0,0,Unspecified
476,Become the King/Queen of the UK,Become the president of the USA,60945,52095,0,1,1,0,0,0,Unspecified
477,Erase all of your past bad memories,Erase your past bad impressions in the memories of others,41401,72212,0,1,1,0,0,0,Unspecified
478,Spend a night on the ocean,Spend a night in a forest,50557,65084,0,1,1,0,0,0,Unspecified
479,Always fall in love too easily,Always have a very hard time falling in love,37934,80060,0,1,1,0,0,0,Unspecified
480,Be able to walk on water without drowning,Be able to touch fire without burning,59200,57260,0,1,1,0,0,0,Unspecified
481,Have all your family hate you,Have everyone but your family hate you,55305,62317,0,1,1,0,0,0,Unspecified
482,Have your voice delayed by 5 seconds,Have your vision delayed by 5 seconds,98034,14347,0,1,1,0,0,0,Unspecified
483,Go Skydiving,Go Deep Sea Diving,78563,37300,0,1,1,0,0,0,Unspecified
484,Lose all your memories but keep skills,Lose all your skills but keep memories,53664,63547,0,1,1,0,0,0,Unspecified
485,"Always feel happy, but act angry","Always feel angry, but act happy",77238,40572,0,1,1,0,0,0,Unspecified
486,Never need to sleep,Never need to eat,82790,34616,0,1,1,0,0,0,Unspecified
487,Only be able to play your favorite game,Be able to play any game except for your favorite game,38135,77603,0,1,1,0,0,0,Unspecified
488,Have Strong Legs,Have Strong Arms,51111,66624,0,1,1,0,0,0,Unspecified
489,Have very buck teeth,Have very crooked teeth,60284,56982,0,1,1,0,0,0,Unspecified
490,Proficient in a foreign language,Proficient in mathematics,60133,56360,0,1,1,0,0,0,Unspecified
491,"Fail every class in school, but everyone is proud/happy for you","Pass every class in school, but everyone hates/envy you",49622,63592,0,1,1,0,0,0,Unspecified
492,Lose the ability to talk,Lose the ability to walk,69860,46055,0,1,1,0,0,0,Unspecified
493,Have to kill five strangers,Have to kill one person you know,56853,58884,0,1,1,0,0,0,Unspecified
494,Have a set-out path in life,Have complete unknowns,54088,61814,0,1,1,0,0,0,Unspecified
495,Have a bad body odor,Have bad breath,30541,83638,0,1,1,0,0,0,Unspecified
496,Stay outside all your life,Stay inside all your life,61648,55927,0,1,1,0,0,0,Unspecified
497,Always have to travel by train,Always have to travel by bus,71035,44905,0,1,1,0,0,0,Unspecified
498,Be stuck reliving the same good day over and over again,Have every bad day of your life repeated twice,54133,59107,0,1,1,0,0,0,Unspecified
499,Hike a large mountain,Run a marathon,51215,34604,0,1,1,0,0,0,Unspecified
500,Be attractive but very annoying,Be unattractive but very charismatic,30587,56608,0,1,1,0,0,0,Unspecified
501,Be stuck outside all your life,Be stuck inside all your life,45948,41567,0,1,1,0,0,0,Unspecified
502,Accidently drop a baby,Accidently drop three puppies,31266,57007,0,1,1,0,0,0,Unspecified
503,Be an amazing pianist,Be an amazing drummer,54913,30785,0,1,1,0,0,0,Unspecified
504,You can fly but only in the cardinal directions (cannot go up or down) 15ft above ground,You can teleport but only within a 1.6km (1mi) radius,14891,72718,0,1,1,0,0,0,Unspecified
505,Have a clone of yourself,Be able to control someone else,22459,63570,0,1,1,0,0,0,Unspecified
506,Never have homework in school,Never have an exam in school,32519,54685,0,1,1,0,0,0,Unspecified
507,Have to document a plant's growth over ten years,Have to document a child's growth over ten years,34888,50960,0,1,1,0,0,0,Unspecified
508,Have an unlimited army of gnomes for eternity,Be a demigod,24635,60615,0,1,1,0,0,0,Unspecified
509,Only be able to sing,Only be able to dance,58406,27786,0,1,1,0,0,0,Unspecified
510,Act on broadway,Act in Movies/T.V.,13010,72356,0,1,1,0,0,0,Unspecified
511,Live underground,Inhabit an isolated mountaintop,37613,48303,0,1,1,0,0,0,Unspecified
512,Have a spouse but no personal friends,Have no spouse but have friends,34557,50734,0,1,1,0,0,0,Unspecified
513,Have to sell your pet(s) but collect the revenue,Have to give your car away for free,41997,43166,0,1,1,0,0,0,Unspecified
514,"Teleport, but every time you do you slowly lose your eyesight","Have super speed, but have to eat 25k calories a day to maintain it",24505,60301,0,1,1,0,0,0,Unspecified
515,Have 10 wishes,Be a genie that grants wishes,71951,13676,0,1,1,0,0,0,Unspecified
516,Have Your Back Cracked By A Chiropractor,Have Your Mind Explored by a Psychic to uncover your deepest thoughts and emotions,42294,44802,0,1,1,0,0,0,Unspecified
517,Only Eat Fruits,Only Eat Vegetables,65588,23407,0,1,1,0,0,0,Unspecified
518,Always over spice your food,Always have your food taste bland,58119,24981,0,1,1,0,0,0,Unspecified
519,Lose your mobile phone,Lose your PC,38205,49389,0,1,1,0,0,0,Unspecified
520,Always be tired but not sick,Always be sick but not tired,63287,20259,0,1,1,0,0,0,Unspecified
521,Have four hands,Have four feet,78105,11812,0,1,1,0,0,0,Unspecified
522,Save your dad from falling off a cliff,Save your mom from falling off a cliff,24916,55677,0,1,1,0,0,0,Unspecified
523,Be short but buff,Be tall but skinny,34409,52142,0,1,1,0,0,0,Unspecified
524,ALWAYS SUMMER,ALWAYS WINTER,46011,42099,0,1,1,0,0,0,Unspecified
525,Lick the inside of a stranger's ear,Lick a stranger's armpit,53370,31691,0,1,1,0,0,0,Unspecified
526,Get stuck with a needle each time you lie,Get skinnier each time you tell the truth,48038,39855,0,1,1,0,0,0,Unspecified
527,Have 100 duck-sized elephants,Have one elephant-sized duck,38081,47574,0,1,1,0,0,0,Unspecified
528,Instantly know when someone is lying to you,Be able to lie without ever being caught,50191,37783,0,1,1,0,0,0,Unspecified
529,Be unable to speak at all (mute),Have to say every thought that comes into your mind out loud,54969,32268,0,1,1,0,0,0,Unspecified
530,Only be able to play Fortnite for the rest of you live,Only be able to play Minecraft for the rest of you life,24826,63098,0,1,1,0,0,0,Unspecified
531,Never be able to have kids (no adoption),Have three babies delivered to your doorstep right now,49935,36892,0,1,1,0,0,0,Unspecified
532,Die in 10 years but happy and with people,Die in 50 years alone and unhappy,68694,17876,0,1,1,0,0,0,Unspecified
533,Drink orange juice for the rest of your life,Drink apple juice for the rest of your life,41700,46050,0,1,1,0,0,0,Unspecified
534,Improve your physical health by 50%,Improve your mental health by 50%,46380,39706,0,1,1,0,0,0,Unspecified
535,Only be able to read,Only be able to write,68305,19303,0,1,1,0,0,0,Unspecified
536,Have a gaming laptop,Have a gaming PC,19529,66332,0,1,1,0,0,0,Unspecified
537,Have your spouse picked for you,Have your permanent career picked for you,36737,48203,0,1,1,0,0,0,Unspecified
538,Be a fool but optimistic,Be smart but pessimistic,31516,54427,0,1,1,0,0,0,Unspecified
539,Be able to drink anything but have a 50% chance of choking each time,Only be able to drink water but only have a 1% chance of choking,19610,65648,0,1,1,0,0,0,Unspecified
540,Listen to music from the 80s and 90s,Listen to music from 2010s and 2020s,32750,53544,0,1,1,0,0,0,Unspecified
541,Be very obese,Be very skinny,14477,73637,0,1,1,0,0,0,Unspecified
542,Have tongues for fingers,Have a finger as a tongue,31922,55300,0,1,1,0,0,0,Unspecified
543,See the future,Change the past,48194,39551,0,1,1,0,0,0,Unspecified
544,Only be able to play one game from each game studio,Only be able to play the games made by one game studio,58028,24336,0,1,1,0,0,0,Unspecified
545,Play a small part in a good movie,Play the main part in a terrible movie,70504,16580,0,1,1,0,0,0,Unspecified
546,Have no hair anywhere,Have never ending growing hair,49660,39479,0,1,1,0,0,0,Unspecified
547,Have the memory of a goldfish,Have the neck of a giraffe,47777,38478,0,1,1,0,0,0,Unspecified
548,Never be able to draw,Never be able to write,68435,18845,0,1,1,0,0,0,Unspecified
549,Never be able to say "No",Never be able to say "Yes",39088,47070,0,1,1,0,0,0,Unspecified
550,Have fingers for toes,Have toes for fingers,69634,17307,0,1,1,0,0,0,Unspecified
551,Only eat salty food,Only eat sugary food,56448,27283,0,1,1,0,0,0,Unspecified
552,Re-live 5 years of your life,Erase 5 years of your life,66960,22565,0,1,1,0,0,0,Unspecified
553,Travel by yourself,Travel with family,36520,52031,0,1,1,0,0,0,Unspecified
554,Live in the town you were born in forever,Never see the town you were born in again,33360,54480,0,1,1,0,0,0,Unspecified
555,Have to poop every 35 minutes,Have to pee every 35 minutes,7192,81296,0,1,1,0,0,0,Unspecified
556,Have everyone judge/think about everything you do,Have nobody care about you at all,41133,44678,0,1,1,0,0,0,Unspecified
557,Have no fingernails,Have no eyelashes,44529,44228,0,1,1,0,0,0,Unspecified
558,Spend your entire summer at the beach,Spend your entire summer in the mountains,48996,36335,0,1,1,0,0,0,Unspecified
559,Tell your best friend all your secrets,Tell your parents all your secrets,68165,35312,0,1,1,0,0,0,Unspecified
560,Always consciously breathe,Always consciously blink,35958,50187,0,1,1,0,0,0,Unspecified
561,Everyone fears you,Everyone loves you,15018,48772,0,1,1,0,0,0,Unspecified
562,Have a fast death,Have a slow death,76860,13186,0,1,1,0,0,0,Unspecified
563,Fart in public,Burp in public,22070,67106,0,1,1,0,0,0,Unspecified
564,Leave your family,Leave your friends,25976,61797,0,1,1,0,0,0,Unspecified
565,Only be able to operate during the day,Only be able to operate during the night,58288,26793,0,1,1,0,0,0,Unspecified
566,Only be able to SUBSCRIBE,Only be able to LIKE THE VIDEO,34064,50005,0,1,1,0,0,0,Unspecified
567,Have an extra finger,Have an extra toe,50120,38852,0,1,1,0,0,0,Unspecified
568,Be a sport champion,Be a memory champion,51904,34996,0,1,1,0,0,0,Unspecified
569,Become a sentient toilet,Become a sentient punching bag,25969,61002,0,1,1,0,0,0,Unspecified
570,Be Married Forever,Be Single Forever,59978,23650,0,1,1,0,0,0,Unspecified
571,Have to kiss a random family member,Have to kiss a random stranger,33664,51800,0,1,1,0,0,0,Unspecified
572,Have your home infested with rats,Have your home infested with snakes,53611,32041,0,1,1,0,0,0,Unspecified
573,Lose your arms,Lose your legs,25671,59247,0,1,1,0,0,0,Unspecified
574,Get $100M right now,Receive three wishes from a Genie right now,12220,72852,0,1,1,0,0,0,Unspecified
575,Live in a school,Live in a kids park,65011,20782,0,1,1,0,0,0,Unspecified
576,Be Cruel in a Kind World,Be Kind in a Cruel World,41198,46462,0,1,1,0,0,0,Unspecified
577,No electricity,No internet,21965,65067,0,1,1,0,0,0,Unspecified
578,Cure cancer,Cure world hunger,48243,39729,0,1,1,0,0,0,Unspecified
579,Fly first class for every commercial flight,"Private jet for every flight, but only be able to bring 50% of luggage",52439,33026,0,1,1,0,0,0,Unspecified
580,Shatter the minds of the people that you speak to,Severely beat up people that you touch,39650,42975,0,1,1,0,0,0,Unspecified
581,Have the IQ of everyone in the world combined,Have the wealth of everyone in the world combined,35389,51059,0,1,1,0,0,0,Unspecified
582,Own all the weapons in the world but only master one,Master all the weapons in the world but only use one,46610,48749,0,1,1,0,0,0,Unspecified
583,Have one ear but three eyes,Have three ears but one eye,64430,54223,0,1,1,0,0,0,Unspecified
584,Control time,Control the weather,71297,14870,0,1,1,0,0,0,Unspecified
585,Always be clueless,Always be paranoid,48452,37185,0,1,1,0,0,0,Unspecified
586,Be a doctor,Be a lawyer,43925,44103,0,1,1,0,0,0,Unspecified
587,Be able to explore the Universe,Be able to explore the unknows of the Earth,52166,32772,0,1,1,0,0,0,Unspecified
588,Have everyone in the world be slightly smarter (In terms of IQ).,Have everyone in the world be moderately stronger (In terms of muscle mass).,54379,30767,0,1,1,0,0,0,Unspecified
589,Become a famous dancer,Become a famous singer,15137,71948,0,1,1,0,0,0,Unspecified
590,Have you entire photo gallery shared with your family,Never use a smartphone again,12700,3876,0,1,1,0,0,0,Unspecified
591,Use eye drops made of vinegar,"Use toilet paper, made from sandpaper",6483,10310,0,1,1,0,0,0,Unspecified
592,Never have to wait for anything,Never have to work for anything,6097,10609,0,1,1,0,0,0,Unspecified
593,Have your mind serve as an iPod so you can listen to music anytime,Be able to watch your dreams on television,7898,8625,0,1,1,0,0,0,Unspecified
594,"Always travel for free, but be unable to choose the destination","Always pay to travel, but go wherever you desire",9209,7297,0,1,1,0,0,0,Unspecified
595,Be able to fly at walking speed,Be able to run at 100 mph (160km/h),5963,10681,0,1,1,0,0,0,Unspecified
596,Have the ability to become invisible,Have the ability to read minds,7738,8894,0,1,1,0,0,0,Unspecified
597,Eat only pizza for a year,Eat only sushi for a year,10725,6039,0,1,1,0,0,0,Unspecified
598,Live without music,Live without television,4535,12107,0,1,1,0,0,0,Unspecified
599,Spend a year living in a submarine,Spend a year living in a space station,3842,12731,0,1,1,0,0,0,Unspecified
600,Have a pause button for your life,Have a rewind button for your life,5335,10978,0,1,1,0,0,0,Unspecified
601,Live without the internet,Live without air conditioning and heating,5952,10503,0,1,1,0,0,0,Unspecified
602,Taste anything you touch,Be unable to taste anything,9305,7385,0,1,1,0,0,0,Unspecified
603,Be a prodigy at a young age but burn out later,Achieve success late in life but last longer,2676,13682,0,1,1,0,0,0,Unspecified
604,Be famous when you are alive and forgotten when you die,Be unknown when you are alive but famous after you die,8846,7410,0,1,1,0,0,0,Unspecified
605,Have a lifetime of free international first-class plane tickets,Have a lifetime of free five-star hotel accommodations,6053,10372,0,1,1,0,0,0,Unspecified
606,Have super sensitive taste,Have super sensitive hearing,8307,8052,0,1,1,0,0,0,Unspecified
607,Never lose your phone again (no trackers),Never lose your keys again (no trackers),10713,5880,0,1,1,0,0,0,Unspecified
608,Be able to change the smell of anything at will,Be able to change the taste of any food at will,3960,12586,0,1,1,0,0,0,Unspecified
609,Have to walk on all fours wherever you go,Have to hop on one foot wherever you go,6809,9546,0,1,1,0,0,0,Unspecified
610,Become ten years younger,Become ten years older,11315,5345,0,1,1,0,0,0,Unspecified
611,Write a best-selling novel,Create a popular music album,5661,10959,0,1,1,0,0,0,Unspecified
612,Win a trip to the moon,Win a trip to every country on Earth,3401,12809,0,1,1,0,0,0,Unspecified
613,Be a character in your favorite video game,Be a character in your favorite movie,7589,8384,0,1,1,0,0,0,Unspecified
614,Have a car that can drive underwater,Have a car that can fly,2392,13654,0,1,1,0,0,0,Unspecified
615,Live in a house with no windows,Live in an all-glass house,10448,5647,0,1,1,0,0,0,Unspecified
616,Be a famous director,Be a famous actor,5006,11159,0,1,1,0,0,0,Unspecified
617,Win an Olympic medal,Win an Academy Award,9087,7206,0,1,1,0,0,0,Unspecified
618,Have a permanent clown nose,Have permanent elf ears,2180,13833,0,1,1,0,0,0,Unspecified
619,Never have to work again,Never have to clean again,11023,5309,0,1,1,0,0,0,Unspecified
620,Always have the best hair,Always have the best outfit,6471,9657,0,1,1,0,0,0,Unspecified
621,Win the lottery but lose all your friends,Remain broke but keep your friends,7622,8450,0,1,1,0,0,0,Unspecified
622,Be able to write/type extremely fast,Be able to read extremely fast,7972,8138,0,1,1,0,0,0,Unspecified
623,Return every nonessential item you've ever bought,Never be able to buy anything nonessential again,10212,5497,0,1,1,0,0,0,Unspecified
624,Have been born 10 years earlier,Have been born 10 years later,11948,4520,0,1,1,0,0,0,Unspecified
625,Be known for your intelligence,Be known for your beauty,11427,4685,0,1,1,0,0,0,Unspecified
626,Live life as a silent film,Live life as a musical,4947,10848,0,1,1,0,0,0,Unspecified
627,"Live one life that lasts 1,000 years",Live 10 lives that last 100 years each,4761,11460,0,1,1,0,0,0,Unspecified
628,Be stranded in the jungle,Be stranded in the desert,13401,2587,0,1,1,0,0,0,Unspecified
629,Have to perform surgery with no training on a loved one,Have to fly an empty plane with no training (might crash and harm others),4365,11496,0,1,1,0,0,0,Unspecified
630,Be the funniest person alive,Be the most attractive person alive,7489,8403,0,1,1,0,0,0,Unspecified
631,Be hunted by a cult with modern weapons,Be hunted by a pack of lions,5698,10055,0,1,1,0,0,0,Unspecified
632,Have all your shirts be 2 sizes too big,Have all your pants be 2 sizes too small,14788,1331,0,1,1,0,0,0,Unspecified
633,Travel with a circus,Travel with a band,3329,12876,0,1,1,0,0,0,Unspecified
634,Lose your sense of smell,Lose your sense of taste,12382,3728,0,1,1,0,0,0,Unspecified
635,Own your dream house,Own your dream car,13766,2571,0,1,1,0,0,0,Unspecified
636,Live the same day over and over again for one year,Lose a year of your life,6821,9300,0,1,1,0,0,0,Unspecified
637,Be a famous inventor,Be a famous writer,11731,4515,0,1,1,0,0,0,Unspecified
638,Have a head the size of a tennis ball,Have a head the size of a watermelon,2592,13352,0,1,1,0,0,0,Unspecified
639,Give up your favorite food forever,Give up your favorite drink forever,4419,11638,0,1,1,0,0,0,Unspecified
640,Never be able to go out during the day,Never be able to go out at night,4301,11763,0,1,1,0,0,0,Unspecified
641,Be half your weight,Double your weight,9495,6600,0,1,1,0,0,0,Unspecified
642,Wrestle an alligator,Wrestle a bear,10457,5671,0,1,1,0,0,0,Unspecified
643,Sneeze every time you greet someone,Burp every time you dismiss someone (e.g. say bye),9540,6471,0,1,1,0,0,0,Unspecified
644,Own a private island,Own a private jet,10846,5377,0,1,1,0,0,0,Unspecified
645,Be a genius that nobody believes,Be an idiot that everyone believes,11218,4987,0,1,1,0,0,0,Unspecified
646,Become a stranger's puppet for a day,Be locked in a small room for a day with only water,4180,11695,0,1,1,0,0,0,Unspecified
647,Stand all day,Sit all day,5676,10482,0,1,1,0,0,0,Unspecified
648,"Win $50,000","Let your best friend win $500,000",6091,10034,0,1,1,0,0,0,Unspecified
649,Face your biggest fear once,Have constant small fears daily,13156,2771,0,1,1,0,0,0,Unspecified
650,Move to a new city or town every week,Never be able to leave the city or town you were born in,8509,7445,0,1,1,0,0,0,Unspecified
651,Have the most epic entrance whenever you arrive,Have the most epic goodbye whenever you leave,10012,6064,0,1,1,0,0,0,Unspecified
652,Have all your dreams granted but have a 10% chance of instant death,Be forever cursed with very mild inconveniences,12096,3726,0,1,1,0,0,0,Unspecified
653,Never have to do laundry,Never have to do dishes,7164,9022,0,1,1,0,0,0,Unspecified
654,Sneeze uncontrollably for 15 minutes every day at a random time,Suddenly become completely naked for 5 minutes once a month at a random time,11049,5037,0,1,1,0,0,0,Unspecified
655,Live during the Renaissance,Live during the Industrial Revolution,8418,7543,0,1,1,0,0,0,Unspecified
656,Be forced to dance every time you hear music,Be forced to sing along to any song you hear,5572,10482,0,1,1,0,0,0,Unspecified
657,Grow a pumpkin-sized nose when you lie,Grow donkey ears when you're jealous,6242,9668,0,1,1,0,0,0,Unspecified
658,Make your browsing history public (including incognito and deleted),Never use the internet again,10348,5582,0,1,1,0,0,0,Unspecified
659,Face a zombie apocalypse,Face a robot apocalypse,11069,4963,0,1,1,0,0,0,Unspecified
660,Have the ability to transform into anything/anyone,Have the ability to gain any skill instantly,4780,11010,0,1,1,0,0,0,Unspecified
661,Be forced to high five everyone you make eye contact with,Salute every vehicle you see,9757,6251,0,1,1,0,0,0,Unspecified
662,Choose your phobias,Have your phobias assigned randomly,14130,1945,0,1,1,0,0,0,Unspecified
663,Live in an amusement park,Live in a zoo,11866,4332,0,1,1,0,0,0,Unspecified
664,Be a master of calligraphy,Be a master of origami,7982,8058,0,1,1,0,0,0,Unspecified
665,Never have to sleep again,Never have to eat again,11671,4587,0,1,1,0,0,0,Unspecified
666,Never age physically,Never age mentally,12581,3656,0,1,1,0,0,0,Unspecified
667,Be loved by all,Be respected by all,5893,10367,0,1,1,0,0,0,Unspecified
668,Lose the ability to use GPS,Lose the ability to use a credit card,9675,6408,0,1,1,0,0,0,Unspecified
669,Shave your eyebrows once a month,Lose one toe of your choice,6736,9540,0,1,1,0,0,0,Unspecified
670,Have incredibly strong legs and weak arms,Have incredibly strong arms and weak legs,8652,7427,0,1,1,0,0,0,Unspecified
671, have smelly feet,bad breath?,0,0,0,0,0,0,0,0,Weird
672, communicate telepathically,know every single language on the planet?,0,0,0,0,0,0,0,0,Weird
673, run into an alien,Big Foot?,0,0,0,0,0,0,0,0,Weird
674, uncontrollably break into song,unexpectedly lose your voice?,0,0,0,0,0,0,0,0,Weird
675, bounce off of every surface you touch,never be able to jump again?,0,0,0,0,0,0,0,0,Weird
676, have a one-minute conversation with your past self,your future self?,0,0,0,0,0,0,0,0,Weird
677, be constantly sticky,constantly itchy?,0,0,0,0,0,0,0,0,Weird
678, know what your pets think of you,never hear them speak?,0,0,0,0,0,0,0,0,Weird
679, shout all of the time,only be able to whisper?,0,0,0,0,0,0,0,0,Weird
680, be a member of the Kardashian family,a member of the Obama family?,0,0,0,0,0,0,0,0,Weird
681, look like a fish,smell like a fish?,0,0,0,0,0,0,0,0,Weird
682, be Youtube famous,TikTok famous?,0,0,0,0,0,0,0,0,Weird
683, be hopelessly lost in an old town,lost in the forest?,0,0,0,0,0,0,0,0,Weird
684, be chased through a forest by a zombie,by a lion?,0,0,0,0,0,0,0,0,Weird
685, have only seven fingers,only seven toes?,0,0,0,0,0,0,0,0,Weird
686, have everything you eat be too sweet,not sweet enough forever?,0,0,0,0,0,0,0,0,Weird
687, switch your body with your ex,switch your body with your grandma?,0,0,0,0,0,0,0,0,Weird
688, only watch one single movie for the rest of your life,only eat the same food for the rest of your life?,0,0,0,0,0,0,0,0,Weird
689, have tons of mediocre friends,one really loyal dog?,0,0,0,0,0,0,0,0,Weird
690, eat only burgers for a week,only ice cream for a week?,0,0,0,0,0,0,0,0,Weird
691, have the superpowers of Iron man,Batman?,0,0,0,0,0,0,0,0,Weird
692, live in a world where it constantly snows,always rains?,0,0,0,0,0,0,0,0,Weird
693, be able to control fire,control water?,0,0,0,0,0,0,0,0,Weird
694, live in a world without music,a world without movies?,0,0,0,0,0,0,0,0,Weird
695, be stuck as a character in Friends,in Breaking Bad?,0,0,0,0,0,0,0,0,Weird
696, be covered in hair,have no hair at all?,0,0,0,0,0,0,0,0,Weird
697, eat cold pizza,hot cereal for breakfast?,0,0,0,0,0,0,0,0,Weird
698, not brush your teeth for a week,not take a shower for two weeks?,0,0,0,0,0,0,0,0,Weird
699, have a photographic memory,perfect pitch?,0,0,0,0,0,0,0,0,Weird
700, be on a dating show,a survival show?,0,0,0,0,0,0,0,0,Weird
701, have your least favorite song played on a constant loop,never listen to music again?,0,0,0,0,0,0,0,0,Weird
702, always be underdressed,always be overdressed?,0,0,0,0,0,0,0,0,Weird
703, be able to teleport,have a private plane?,0,0,0,0,0,0,0,0,Weird
704, be too hot,too cold?,0,0,0,0,0,0,0,0,Weird
705, be remembered in history books for doing something terrible,be completely forgotten after you die?,0,0,0,0,0,0,0,0,Weird
706, be a famous artist,a famous athlete?,0,0,0,0,0,0,0,0,Weird
707, find out a long-standing conspiracy theory was true,find out a juicy piece of gossip only you knew?,0,0,0,0,0,0,0,0,Weird
708, discover a new planet,find sunken treasure?,0,0,0,0,0,0,0,0,Weird
709, be able to do any magic occasionally,have the powers of one superhero all the time?,0,0,0,0,0,0,0,0,Weird
710, live on a boat,in a treehouse?,0,0,0,0,0,0,0,0,Weird
711, have super weird dreams forever,never dream again?,0,0,0,0,0,0,0,0,Weird
712, everything you doodled became real,be able to read people’s minds?,0,0,0,0,0,0,0,0,Weird
713, wear the same color every day for a year,wear the same hairstyle forever?,0,0,0,0,0,0,0,0,Weird
714, wear heels at the beach,sandals at a muddy outdoor music festival?,0,0,0,0,0,0,0,0,Weird
715, spend the rest of your life trapped inside,trapped outside?,0,0,0,0,0,0,0,0,Weird
716, give up breakfast,dinner?,0,0,0,0,0,0,0,0,Weird
717, spend a full day sitting,standing?,0,0,0,0,0,0,0,0,Weird
718," live one 1,000-year life",10 100-year lives?,0,0,0,0,0,0,0,0,Weird
719, give up the internet,your pet?,0,0,0,0,0,0,0,0,Weird
720, make a movie about your most embarrassing moment,publish your diary?,0,0,0,0,0,0,0,0,Weird
721, have your hand stuck in a jar,get your head stuck in a bucket?,0,0,0,0,0,0,0,0,Weird
722, be really fast,ultra strong?,0,0,0,0,0,0,0,0,Weird
723,be more attractive,more intelligent?,0,0,0,0,0,0,0,0,for Couples
724,have a fancy night out,a movie night at home?,0,0,0,0,0,0,0,0,for Couples
725,be with the same person for most of your life,many different people?,0,0,0,0,0,0,0,0,for Couples
726,give the perfect gift,receive it?,0,0,0,0,0,0,0,0,for Couples
727,know everything that’s happening in your partner’s mind,nothing at all?,0,0,0,0,0,0,0,0,for Couples
728,go on the best ever once,a bunch of better-than-average dates?,0,0,0,0,0,0,0,0,for Couples
729,celebrate lots of little relationship milestones,just one big one every year?,0,0,0,0,0,0,0,0,for Couples
730,only be able to text,call me for the rest of your life?,0,0,0,0,0,0,0,0,for Couples
731,be serenaded by me,your favorite musician?,0,0,0,0,0,0,0,0,for Couples
732,wear my underwear,go commando?,0,0,0,0,0,0,0,0,for Couples
733,be constantly surprised,always know what’s coming?,0,0,0,0,0,0,0,0,for Couples
734,go on a romantic and relaxing vacation,a non stop adventure?,0,0,0,0,0,0,0,0,for Couples
735,your mind stay young forever,your body?,0,0,0,0,0,0,0,0,for Couples
736,spend your free time with a loved one,alone?,0,0,0,0,0,0,0,0,for Couples
737,spend time with older,younger people?,0,0,0,0,0,0,0,0,for Couples
738,receive flowers,chocolate?,0,0,0,0,0,0,0,0,for Couples
739,have people come to you for practical,sage advice?,0,0,0,0,0,0,0,0,for Couples
740,be reborn as an animal,an insect?,0,0,0,0,0,0,0,0,for Couples
741,plan a wedding,a giant birthday party?,0,0,0,0,0,0,0,0,for Couples
742,have pets,kids?,0,0,0,0,0,0,0,0,for Couples
743,have someone make you your favorite meal,go out to a new restaurant?,0,0,0,0,0,0,0,0,for Couples
744,be the loudest,quietest person in the room?,0,0,0,0,0,0,0,0,for Couples
745,workout with your partner at the gym,go for a jog on your own?,0,0,0,0,0,0,0,0,for Couples
746,always be late,always be too early?,0,0,0,0,0,0,0,0,for Couples
747,be an accomplished writer,speaker?,0,0,0,0,0,0,0,0,for Couples
748,forget the worst moment of your life,remember the best moment of your life?,0,0,0,0,0,0,0,0,for Couples
749,be 20 for the rest of your life,40?,0,0,0,0,0,0,0,0,for Couples
750,get a kiss every day,a hug every day?,0,0,0,0,0,0,0,0,for Couples
751,have your heart broken,break someone else’s heart?,0,0,0,0,0,0,0,0,for Couples
752,have all the money you could desire,all the love you could desire?,0,0,0,0,0,0,0,0,for Couples
753,be long distance for a year,spend a month not talking at all?,0,0,0,0,0,0,0,0,for Couples
754,have separate bedrooms with your partner,share a bedroom?,0,0,0,0,0,0,0,0,for Couples
755,fulfill your biggest wish,resolve your biggest regret?,0,0,0,0,0,0,0,0,for Couples
756,marry the person of your dreams,have the career of your dreams?,0,0,0,0,0,0,0,0,for Couples
757,feel like you know your partner better than anyone,feel like they make you happier every day?,0,0,0,0,0,0,0,0,for Couples
758,cuddle,make out?,0,0,0,0,0,0,0,0,for Couples
759,receive money,a gift made by hand?,0,0,0,0,0,0,0,0,for Couples
760,be feared,loved?,0,0,0,0,0,0,0,0,for Couples
761,know how you die,when you die?,0,0,0,0,0,0,0,0,for Couples
762,live in a big city,a small town?,0,0,0,0,0,0,0,0,for Couples
763,give up social media,be an influencer?,0,0,0,0,0,0,0,0,for Couples
764,explore the deep sea,outer space?,0,0,0,0,0,0,0,0,for Couples
765,lose all of the money you earned this year,lose all of the memories you made this year?,0,0,0,0,0,0,0,0,for Couples
766,ask for help,figure it out on your own?,0,0,0,0,0,0,0,0,for Couples
767,believe in fate,coincidence?,0,0,0,0,0,0,0,0,for Couples
768,your partner have an annoying best friend,an intimidating ex?,0,0,0,0,0,0,0,0,for Couples
769,vacation at the same beautiful beach every year,visit a new unknown place every year?,0,0,0,0,0,0,0,0,for Couples
770,have a water fight,a food fight with your partner?,0,0,0,0,0,0,0,0,for Couples
771,travel anywhere you wanted for the rest of your life for free,buy your dream house for free?,0,0,0,0,0,0,0,0,for Couples
772,be with someone who hates your favorite foods,hates your pet?,0,0,0,0,0,0,0,0,for Couples
773,trust everyone without a thought,have a hard time trusting people?,0,0,0,0,0,0,0,0,for Couples
774,your partner could read your mind when you wanted something,gave you a compliment every day?,0,0,0,0,0,0,0,0,for Couples
775,Be able to fly,be able to breathe underwater,0,0,0,1,1,0,0,0,for friends
776,Your crush be able to read your mind,have access to your internet history,0,0,0,1,1,0,0,0,for friends
777,Have Zendaya’s 2022 Oscars look,Timothée Chalamet’s 2022 Oscars look in your closet,0,0,0,1,1,0,0,0,for friends
778,Swim in the ocean at night knowing a shark could be nearby,spend the night in a house you believed was haunted,0,0,0,1,1,0,0,0,for friends
779,Have been the oldest,youngest child in your family,0,0,0,1,1,0,0,0,for friends
780,Have six months of spring,six months of summer,0,0,0,1,1,0,0,0,for friends
781,Spend a bunch of money on your wedding,on your honeymoon,0,0,0,1,1,0,0,0,for friends
782,Let a spider climb over you,let a snake slither across you,0,0,0,1,1,0,0,0,for friends
783,Go a year without desserts,have to eat a spoonful of wasabi every single day,0,0,0,1,1,0,0,0,for friends
784,Spend a Friday night out with Lil Nas X,Miley Cyrus,0,0,0,1,1,0,0,0,for friends
785,Have to pass out at 9:30 p.m. every night,fall asleep at 3:30 a.m. every night,0,0,0,1,1,0,0,0,for friends
786,Watch RuPaul’s Drag Race with Andrew Garfield,the Bachelorette with Demi Lovato,0,0,0,1,1,0,0,0,for friends
787,Kiss your crush after not brushing your teeth for a week,know you won’t kiss them at all for the next year,0,0,0,1,1,0,0,0,for friends
788,Be brought back as a dog,as a cat in your next life,0,0,0,1,1,0,0,0,for friends
789,Have a photographic memory,the ability to read minds,0,0,0,1,1,0,0,0,for friends
790,Have breakfast for dinner,dinner for breakfast,0,0,0,1,1,0,0,0,for friends
791,Travel only by train,only by boat,0,0,0,1,1,0,0,0,for friends
792,Have to follow the Rock’s fitness plan for a month,get one of Pete Davidson’s tattoos,0,0,0,1,1,0,0,0,for friends
793,Watch only scary movies,only rom-coms for the rest of your life,0,0,0,1,1,0,0,0,for friends
794,Live solo on an uninhabited island,live in a city apartment with six roomies and one bathroom,0,0,0,1,1,0,0,0,for friends
795,Sing well and dance poorly,sing poorly and dance well,0,0,0,1,1,0,0,0,for friends
796,Be able to take back anything you say,listen in on every conversation that’s about you,0,0,0,1,1,0,0,0,for friends
797,"Be an extra in an acclaimed, Oscar-winning movie",star in a so-bad-it’s-good flick,0,0,0,1,1,0,0,0,for friends
798,Have to give up coffee,give up pizza for a year,0,0,0,1,1,0,0,0,for friends
799,Live in a ritzy hotel,live in a cabin in the woods,0,0,0,1,1,0,0,0,for friends
800,Be known for always being honest,always being kind,0,0,0,1,1,0,0,0,for friends
801,Be a contestant on Love Island,Love Is Blind,0,0,0,1,1,0,0,0,for friends
802,Have to sleep for 15 hours a day,only be able to sleep two hours a night,0,0,0,1,1,0,0,0,for friends
803,Only be able to listen to the same song,only be able to watch the same movie for the rest of your life,0,0,0,1,1,0,0,0,for friends
804,Have to publicly speak every day,get a visible tattoo you really hated,0,0,0,1,1,0,0,0,for friends
805,Have a pool in your backyard,live next to the ocean,0,0,0,1,1,0,0,0,for friends
806,Have to post everything in your search history right now,post the names of everyone you’ve ever had a crush on,0,0,0,1,1,0,0,0,for friends
807,Have to go on 150 first dates in a year,have to automatically spend a year with the next person you go on a date with,0,0,0,1,1,0,0,0,for friends
808,Have one best friend but no casual ones,a big group of casual friends but no best friend,0,0,0,1,1,0,0,0,for friends
809,Swim with eels,sleep in a bat-filled cave,0,0,0,1,1,0,0,0,for friends
810,Get a stomach bug mid-date with someone you’re into,have to go on a double date with your parents,0,0,0,1,1,0,0,0,for friends
811,Be the smartest,the funniest person in the room,0,0,0,1,1,0,0,0,for friends
812,Be locked in a room with your ex,go on a date with someone whose political beliefs are the total opposite of yours,0,0,0,1,1,0,0,0,for friends
813,Be given a million dollars tomorrow,10 million dollars 10 years from now,0,0,0,1,1,0,0,0,for friends
814,Always have to tell the truth even when it’s harsh,be someone who compulsively lies,0,0,0,1,1,0,0,0,for friends
815,Move to a new city every year,only be able to live in your current city for the rest of your life,0,0,0,1,1,0,0,0,for friends
816,Go on tour with your favorite artist,be your favorite actor’s go-to red carpet date,0,0,0,1,1,0,0,0,for friends
817,Show friends every photo in your phone,read out loud every text you’ve sent this week,0,0,0,1,1,0,0,0,for friends
818,Know how to scuba dive,know how to fly a plane,0,0,0,1,1,0,0,0,for friends
819,Take a vow of celibacy,a vow of silence,0,0,0,1,1,0,0,0,for friends
820,Watch the sunset,the sunrise,0,0,0,1,1,0,0,0,for friends
821,Be best friends with Lizzo,Dolly Parton,0,0,0,1,1,0,0,0,for friends
822,Be locked overnight in an amusement park,in a shopping mall,0,0,0,1,1,0,0,0,for friends
823,Accidentally like your ex’s Instagram pic,your current partner’s ex’s Instagram pic,0,0,0,1,1,0,0,0,for friends
824,Lose your sense of taste,your sense of touch for a year,0,0,0,1,1,0,0,0,for friends
825,Be thrown a surprise birthday party,plan your own party from start to finish,0,0,0,1,1,0,0,0,for friends
826,Fly first class for one swanky vacation a year,take several cheap trips and backpack,0,0,0,1,1,0,0,0,for friends
827,take a vow of celibacy,a vow of silence?,0,0,0,1,1,0,0,0,for friends
828,watch the sunset,the sunrise?,0,0,0,1,1,0,0,0,for friends
829,be best friends with Lizzo,Dolly Parton?,0,0,0,1,1,0,0,0,for friends
830,be locked overnight in an amusement park,in a shopping mall?,0,0,0,1,1,0,0,0,for friends
831,accidentally like your ex’s Instagram pic,your current partner’s ex’s Instagram pic?,0,0,0,1,1,0,0,0,for friends
832,lose your sense of taste,your sense of touch for a year?,0,0,0,1,1,0,0,0,for friends
833,be thrown a surprise birthday party,plan your own party from start to finish?,0,0,0,1,1,0,0,0,for friends
834,fly first class for one swanky vacation a year,take several cheap trips and backpack?,0,0,0,1,1,0,0,0,for friends
835,have only cake,only pie as your forever-birthday dessert?,0,0,0,1,1,0,0,0,for friends
836,have one child,six (no in-between)?,0,0,0,1,1,0,0,0,for friends
837,work for a tough boss you like,an easy boss who annoys you?,0,0,0,1,1,0,0,0,for friends
838,be unable to remember names,unable to remember faces?,0,0,0,1,1,0,0,0,for friends
839,go to your dream school and have to take out a bunch of student loans,go to a decent-enough school you have a full ride to?,0,0,0,1,1,0,0,0,for friends
840,date your favorite celebrity,be best friends with them?,0,0,0,1,1,0,0,0,for friends
841,publish a best-selling book,direct an Oscar-winning movie?,0,0,0,1,1,0,0,0,for friends
842,swap wardrobes with Harry Styles,Bella Hadid?,0,0,0,1,1,0,0,0,for friends
843,be Nicholas Cage’s personal assistant for a year,let Elon Musk name your first-born child?,0,0,0,1,1,0,0,0,for friends
844,be known for having the best music taste,known for having the best fashion sense?,0,0,0,1,1,0,0,0,for friends
845,be overdressed,underdressed in perpetuity (including when you’re at home)?,0,0,0,1,1,0,0,0,for friends
846,spend a month backpacking around Europe,around Asia?,0,0,0,1,1,0,0,0,for friends
847,have an apartment in Paris,Mexico City?,0,0,0,1,1,0,0,0,for friends
848,spend the day reading,hiking?,0,0,0,1,1,0,0,0,for friends
849,take your coffee black,with extra cream and sugar?,0,0,0,1,1,0,0,0,for friends
850,your pet be able to talk to you,your pet be able to live forever?,0,0,0,1,1,0,0,0,for friends
851,spend every night on vacation out,spend every day taking “R&R” to new heights?,0,0,0,1,1,0,0,0,for friends
852,dub Codename: Kids Next Door,The Proud Family the best 2000s-era cartoon?,0,0,0,1,1,0,0,0,for friends
853,spend a Saturday with BTS,Shawn Mendes?,0,0,0,1,1,0,0,0,for friends
854,have to watch only Friends reruns,only The Office reruns for the next year?,0,0,0,1,1,0,0,0,for friends
855,have spinach stuck in your teeth all day without knowing,toilet paper stuck to your shoe?,0,0,0,1,1,0,0,0,for friends
856,go to a trivia night,go to a standup show?,0,0,0,1,1,0,0,0,for friends
857,walk the Great Wall of China,climb the pyramids of Machu Picchu?,0,0,0,1,1,0,0,0,for friends
858,go on a movie date,a museum date?,0,0,0,1,1,0,0,0,for friends
859,have a landing strip bikini wax,go au naturel?,0,0,0,1,1,0,0,0,for friends
860,live alone,live with friends?,0,0,0,1,1,0,0,0,for friends
861,go back to your elementary school days,jump forward to retired life?,0,0,0,1,1,0,0,0,for friends
862,eat only Cool Ranch Doritos,eat only Cheetos?,0,0,0,1,1,0,0,0,for friends
863,be Rihanna,date Rihanna?,0,0,0,1,1,0,0,0,for friends
864,be abducted by aliens,stranded at sea?,0,0,0,1,1,0,0,0,for friends
865,spend a rainy day trying out a new recipe,marathoning movies?,0,0,0,1,1,0,0,0,for friends
866,spend a winter in the snowiest reaches of Canada,a summer in the driest part of the desert?,0,0,0,1,1,0,0,0,for friends
867,only be able to read 19th century literature,only be able to read comics?,0,0,0,1,1,0,0,0,for friends
868,live next door to your BFF,live in different cities but have a perfect excuse to visit a cool place often?,0,0,0,1,1,0,0,0,for friends
869,have Phoebe Waller-Bridge’s comedic timing,Normani’s dance moves?,0,0,0,1,1,0,0,0,for friends
870,only be able to take three-hour baths,three-minute showers (no in-between)?,0,0,0,1,1,0,0,0,for friends
871,have a messy house you’re not responsible for cleaning,have a super tidy house that’s only ever cleaned by you?,0,0,0,1,1,0,0,0,for friends
872,date an Aries,date a Libra?,0,0,0,1,1,0,0,0,for friends
873,date a Taurus,date a Scorpio?,0,0,0,1,1,0,0,0,for friends
874,date a Gemini,date a Sagittarius?,0,0,0,1,1,0,0,0,for friends
875,date a Cancer,date a Capricorn?,0,0,0,1,1,0,0,0,for friends
876,date a Leo,date an Aquarius?,0,0,0,1,1,0,0,0,for friends
877,date a Virgo,date a Pisces?,0,0,0,1,1,0,0,0,for friends
878,be 10 centimeters tall,10 feet tall?,0,0,0,1,1,0,0,0,for friends
879,be able to paint really well,be able to sculpt really well?,0,0,0,1,1,0,0,0,for friends
880,furnish your dream home in antiques,"in cutting-edge, modern designs?",0,0,0,1,1,0,0,0,for friends
881,have a mountain view,lit-up skyscrapers outside your bedroom window?,0,0,0,1,1,0,0,0,for friends
882,be the planmaker in your friend group,be the jokester in your friend group,0,0,0,1,1,0,0,0,for friends
883,have a tiny home with a big yard or garden,have a big house but no outdoor space?,0,0,0,1,1,0,0,0,for friends
