option1,option2,option1Votes,option2Votes,recommended,active,available,hidden,like,dislike
Lose the ability to read,Lose the ability to speak,87440,49538,0,1,1,0,0,0
Lose the ability to read,Lose the ability to speak,87440,49539,0,1,1,0,0,0
Be the richest person in the world and live your intended lifetime,Be poor and live forever,106105,28651,0,1,1,0,0,0
Lose the ability to read,Lose the ability to speak,87440,49540,0,1,1,0,0,0
Be the richest person in the world and live your intended lifetime,Be poor and live forever,106105,28652,0,1,1,0,0,0
Time travel one time and return,Control humans with your mind forever,35124,98606,0,1,1,0,0,0
Lose the ability to pee,Lose the ability to poop,52291,81324,0,1,1,0,0,0
See one day into your own future,Visit the after-life one time and return,47865,85298,0,1,1,0,0,0
Be a King/Queen of an empire 2500 years ago,Be the president/prime minister today,61347,72035,0,1,1,0,0,0
Post every text message you ever sent on the internet,Have tattoos on your forehead depicting everything you did the day before,98744,49059,0,1,1,0,0,0
Live stream your entire life for everyone to see,Anyone around you can hear your thoughts for the rest of your life,103015,44964,0,1,1,0,0,0
Live to be 400 and look 400 your entire life,Live to be 80 and look 25 your entire life,24556,108748,0,1,1,0,0,0
Never be able to use toilet paper,Never be able to brush your teeth,95894,37689,0,1,1,0,0,0
Be able to stop time whenever you wanted,Get whatever you want just by thinking it (except life),48692,84141,0,1,1,0,0,0
Randomly time travel +/- 20 years every time you pass gas,"Teleport to a different place on earth every time you sneeze (land, not water)",46656,101359,0,1,1,0,0,0
Have to scream as loud as you can before starting every conversation “I'm a Leprechaun”,Have to smack every person you have a conversation with and call them an idiot,81224,66113,0,1,1,0,0,0
Have your skin change colors based on your emotions forever,Wake up every morning with a randomly different face for a year,76130,56028,0,1,1,0,0,0
Go into the past and meet your ancestors,Go into the future and meet your great-great grandchildren,60539,71558,0,1,1,0,0,0
Be Elon Musk,Be Jeff Bezos,91573,42724,0,1,1,0,0,0
Be able to have nine lives,Be able to have $9 million dollars with one life,70850,62979,0,1,1,0,0,0
Save your spouse,Save your child,52910,97205,0,1,1,0,0,0
Never have to go to work a day in your life,Never feel tired a day in your life,57591,75528,0,1,1,0,0,0
Be the smartest person in the world,Be the wealthiest person in the world,76141,58035,0,1,1,0,0,0
Live in constant fear of being assasinated,Have a traumatic injury in your young adult life (full recovery: 5 years),38057,93433,0,1,1,0,0,0
Lick the bottom of a worn shoe,Eat from a strangers feet,96513,35507,0,1,1,0,0,0
Find the true love of your life,Be friends with all of your favorite celebrities,79576,54215,0,1,1,0,0,0
Be able to bring 3 dead people you loved back to life,Be guaranteed an extra 20 years on all of your current family member's lives,51511,80318,0,1,1,0,0,0
Be abducted by an alien,Be thrown in jail for a crime you did not commit,91612,41580,0,1,1,0,0,0
Have a mild case of COVID-19 for the rest of your life,Have a heart attack several times a year,100796,31294,0,1,1,0,0,0
Fall down a flight of stairs,Get thrown out of a moving vehicle at 50mph,97670,35398,0,1,1,0,0,0
Be able to be invisible,Be able to fly everywhere,67437,66473,0,1,1,0,0,0
Always speak your mind (including very harsh truths),Never speak up for yourself,91340,41958,0,1,1,0,0,0
Find the cure for cancer,Find the solution to world peace,65631,67679,0,1,1,0,0,0
Be immune from all laws within your country,Be president of your country,95761,37278,0,1,1,0,0,0
Vomit every time you see the color brown,Have to sneeze ten times whenever you are touched,52562,96748,0,1,1,0,0,0
Find the meaning of life,Find all of the government's top secrets,57376,76107,0,1,1,0,0,0
Have to tell your crush your most embarrassing story,Have to stand in a subway naked for one hour,112151,21105,0,1,1,0,0,0
Be able to read anyone's mind,Know the exact time you will die,115559,18884,0,1,1,0,0,0
Know the exact time when each of your family members will die,Save a group of children from death and give them their intended lifetime,37175,95650,0,1,1,0,0,0
Marry an exact clone of yourself,Marry your sister/brother,100937,32270,0,1,1,0,0,0
Be able to have any pet you want,Be able to have any electronic device you want,49879,82877,0,1,1,0,0,0
Be very sensitive to everything people say,Never be able to hear the opinions of others,64888,69462,0,1,1,0,0,0
Be the smartest person in the world,Be the strongest person in the world,102357,32164,0,1,1,0,0,0
Be born into a rich family,Work for all your wealth but have more,54119,80479,0,1,1,0,0,0
Lose one eye,Lose one arm,100913,33110,0,1,1,0,0,0
Live through the bubonic plague,Live through World War One,32541,100303,0,1,1,0,0,0
Be able to taste any food by looking at it,Be able to feel anything by looking at it,76706,55637,0,1,1,0,0,0
Visit every state in your country,Visit every country in the world,26605,107085,0,1,1,0,0,0
Constantly hear a high pitch sound,Be unable to hear your voice when you speak,48033,84491,0,1,1,0,0,0
Be able to find anything by thinking about it,Be able to date any person you can think of,79915,52601,0,1,1,0,0,0
"Stay in high school your entire life but make $100,000/year","Be able to work your dream job but make $60,000/year",48702,101343,0,1,1,0,0,0
Be publicly embarrassed but have everyone forget after a year,Have your entire family publicly embarrassed for 2 years,108316,23633,0,1,1,0,0,0
Live with a complete slob,Live with a complete idiot,41893,90294,0,1,1,0,0,0
Have to live under a bridge ,Have to live inside a strangers bathroom,80559,51418,0,1,1,0,0,0
Go to work/school everyday hungry ,Go to work/school everyday exhausted ,78829,52778,0,1,1,0,0,0
Live through the sinking of the Titanic,Live through a kidnapping,66502,64954,0,1,1,0,0,0
Have to urinate on trees,Have to poop on carpets,117478,15280,0,1,1,0,0,0
Live through your biggest fear,Have to relive your biggest regret,55488,75569,0,1,1,0,0,0
Lick a pile of dog poop,Lick the floor of a school bathroom,23352,107558,0,1,1,0,0,0
Never be able to remember names,Never be able to visualize images,91392,40708,0,1,1,0,0,0
Live alone for the rest of your life,Live single with 10 kids ,84969,47222,0,1,1,0,0,0
Run 5 Miles Everyday,"Do 1,000 Jumping Jacks Everyday",73637,31288,0,1,1,0,0,0
Have unlimited water,Have unlimited Food,47340,85693,0,1,1,0,0,0
Kill your dog,Kill your best friend,85761,44854,0,1,1,0,0,0
Get super strong every time you get touched,Get super speed every time you get touched,62752,68601,0,1,1,0,0,0
Only be able to remember 3 things perfectly,Have permanent short term memory loss,76472,54278,0,1,1,0,0,0
"Be an idiot, but receive $1,000,000 each year","Be very smart, but earn $125,000 each year",48630,84093,0,1,1,0,0,0
Be stuck in a chickens body your entire life,Be stuck in a pigs body your entire life,83774,49398,0,1,1,0,0,0
Die in front of your friends,Let your friends die in front of you,91270,42211,0,1,1,0,0,0
Have to eat seven cockroaches,Have to eat an entire snake,740,1326,0,1,1,0,0,0
Lose the ability to read,Lose the ability to write,14249,67844,0,1,1,0,0,0
Ability to Fly,Ability to become invisible at will,33337,49541,0,1,1,0,0,0
Communicate with animals,Speak all languages fluently,28579,53842,0,1,1,0,0,0
Always be 2 hours late,Always be 2 hours early,13461,69557,0,1,1,0,0,0
Have a photographic Memory,Be able to forget anything at will,58859,23462,0,1,1,0,0,0
Have a personal chef,Have a personal driver,62272,20526,0,1,1,0,0,0
Control weather with your mind,Control animals with your mind,43670,38411,0,1,1,0,0,0
"Live without social media (Ex: Instagram, Twitter)","Live without video streaming platforms (Ex: Youtube, Netflix)",75646,23354,0,1,1,0,0,0
Ability to breath underwater,Ability to fall from any height without injury,34064,47418,0,1,1,0,0,0
Communicate with your past self,Communicate with your future self,27027,54556,0,1,1,0,0,0
Have unlimited money,Have unlimited friends,67149,16358,0,1,1,0,0,0
Live without music,Live without movies,22391,60104,0,1,1,0,0,0
Have perfect memory,Have perfect beauty,50382,32593,0,1,1,0,0,0
Always be sunny outside,Always be dark outside,55425,26700,0,1,1,0,0,0
Lose your spouse,Lose your parents,59941,21717,0,1,1,0,0,0
Lose 20% of your IQ,Lose 20% of your wealth,18811,64267,0,1,1,0,0,0
Walk everywhere,Run everywhere,53665,28987,0,1,1,0,0,0
Post every text you ever sent on the internet,Post every phone call you ever had on the internet,21972,59340,0,1,1,0,0,0
Find your true love but loose your career,Have a successful career without love,39713,42033,0,1,1,0,0,0
Marry an exact clone of yourself,Never have a life partner,37752,44115,0,1,1,0,0,0
"Be born in a rich, but corrupt family","Be born in a poor, but moral family",46674,35184,0,1,1,0,0,0
Never lose anything,Never break anything,59244,23147,0,1,1,0,0,0
Have your memory wiped,Have your bank account(s) wiped,19640,62554,0,1,1,0,0,0
Have a large family,Have a large friend group,34840,47488,0,1,1,0,0,0
Permanent Summer,Permanent Winter,47832,35127,0,1,1,0,0,0
Have one pet,Have one child,53481,30074,0,1,1,0,0,0
Live in the Sahara Desert,Live in Antarctica,29989,51940,0,1,1,0,0,0
Make $350k a year robbing innocent people,Make $40k year helping people in need,39761,59286,0,1,1,0,0,0
Be able to buy happiness,Be able to buy love,58172,24192,0,1,1,0,0,0
Free food for life,Free gas for life,64392,18705,0,1,1,0,0,0
Know HOW you will die,Know WHEN you will die,37633,44751,0,1,1,0,0,0
Only eat fruit,Only eat meat,33808,49007,0,1,1,0,0,0
Lose your hearing,Lose your eyesight,69415,13348,0,1,1,0,0,0
Always have the urge to poop,Always have the urge to pee,24427,57500,0,1,1,0,0,0
Lose weight by thinking,Lose weight by eating,31851,50676,0,1,1,0,0,0
Have unsupporting friends,Have no friends,24203,57964,0,1,1,0,0,0
Eat the same meals everyday,Only drink water but eat whatever,9610,72543,0,1,1,0,0,0
Never celebrate birthdays,Never celebrate holidays,62702,19811,0,1,1,0,0,0
Be stuck living forever,Have one life but have it very well spent,16096,66051,0,1,1,0,0,0
Have hands for feet,Have feet for hands,68378,13628,0,1,1,0,0,0
Be the most famous person in the world,Be the richest person in the world,12884,69607,0,1,1,0,0,0
Change gender everyday,Change families everyday,60400,21782,0,1,1,0,0,0
Lick a stranger's foot,Lick a stranger's hand,12587,69621,0,1,1,0,0,0
Save 10 People but Sacrifice yourself,Let 10 people die to save yourself,33094,48801,0,1,1,0,0,0
"Get $5,000 everytime someone lies to you","Get $100,000 everytime family/friend dies",76735,5943,0,1,1,0,0,0
Have two arms but one leg,Have two legs but one 1 arm,38111,44000,0,1,1,0,0,0
Have world Peace,Have a world that will never end,61623,20619,0,1,1,0,0,0
Do school/work in person,Do school/work at home,37032,44817,0,1,1,0,0,0
Marry the ugliest person in the world,Marry the dumbest person in the world,25543,56775,0,1,1,0,0,0
Be in a coma for one year,Be in jail for one year,55090,27301,0,1,1,0,0,0
Live underwater,Live in space,40678,42161,0,1,1,0,0,0
Have the hottest spouse,Have the smartest spouse,37436,44447,0,1,1,0,0,0
Have no internet,Have no personal vehicle,14688,68021,0,1,1,0,0,0
Laugh every time someone cries,Get angry every time someone is happy,61527,20643,0,1,1,0,0,0
Be publicly hated but secretly loved by everyone,Be publicly loved but secretly hated by everyone,71045,11193,0,1,1,0,0,0
Have your entire life made into a movie,Have your entire life written in a book,50471,31367,0,1,1,0,0,0
Have a jumpscare every 1 hour,Vomit once everyday,39289,42900,0,1,1,0,0,0
Wear a face mask for the rest of your life,Wear goggles for the rest of your life,38590,43404,0,1,1,0,0,0
Be a famous social media influencer,Be a famous hollywood movie actor,26318,55826,0,1,1,0,0,0
Be dumb and useless,Be ugly and smelly,55102,26971,0,1,1,0,0,0
Be unable to brush your teeth,Be unable to shower,58512,23859,0,1,1,0,0,0
Have an extra arm,Have an extra leg,72021,10782,0,1,1,0,0,0
Have an extremely restrictive diet,Always be constipated,59478,22117,0,1,1,0,0,0
Always Rain,Always Snow,42791,40164,0,1,1,0,0,0
Have a large flood,Have a large drought,48836,32594,0,1,1,0,0,0
Give up your life right now,Have 100 kids right now,42205,40165,0,1,1,0,0,0
Have no electricity,Have no indoor plumbing,26584,55630,0,1,1,0,0,0
Have any ability of your choice,Live in any movie/book series,64155,17866,0,1,1,0,0,0
Have no one come to your wedding,Have no one come to your birthdays,39955,42217,0,1,1,0,0,0
Die alone but have a packed funeral,Have no one come to your funeral,38086,43687,0,1,1,0,0,0
Only have street smarts,Only have book smarts,45494,36317,0,1,1,0,0,0
Have Invincibility,Have Telekinesis,37072,45521,0,1,1,0,0,0
Live in a loud city,Live in a secluded area 10 miles from anyone,45506,36261,0,1,1,0,0,0
Travel your country for free but only by train,Travel the world for free but only by boat,28242,32837,0,1,1,0,0,0
Be able to fly planes,Be able to sail boats,50238,11913,0,1,1,0,0,0
Be able to control water,Be able to control fire,43371,18173,0,1,1,0,0,0
Unstable career but make $1m/year,Stable career but make $125k/year,33719,27924,0,1,1,0,0,0
Be smart but heavily relied upon,Be stupid but completely taken care of,40306,20338,0,1,1,0,0,0
Have a 3D printer that can only make food,Have a normal 3d printer that can only make objects,36625,24932,0,1,1,0,0,0
Be granted one wish per year without changing the past,Be able to go back in time and fix one mistake per year,44248,16479,0,1,1,0,0,0
Never kill insects,Have someone die anytime you kill an insect,43512,18144,0,1,1,0,0,0
Have ten extra toes,Have ten extra fingers,24506,37279,0,1,1,0,0,0
Only watch movies,Only listen to music,20574,41391,0,1,1,0,0,0
Always have an itch somewhere on your body,Always have the feeling of an insect crawling on you,43607,17193,0,1,1,0,0,0
Have family but no friends,Have friends but no family,40046,21451,0,1,1,0,0,0
Double your IQ,Double your wealth,43720,18567,0,1,1,0,0,0
Always be cold,Always be hot,42895,18940,0,1,1,0,0,0
Be a dog,Be a cat,30598,31770,0,1,1,0,0,0
Transform into any object,Transform into any animal,18842,42772,0,1,1,0,0,0
Have a partner that does not like you,Never have a partner,14496,47191,0,1,1,0,0,0
Only Drink Coca-Cola,Only Drink Pepsi,40325,21705,0,1,1,0,0,0
Have nothing to drink,Have nothing to eat,25773,36180,0,1,1,0,0,0
Stub your toe everytime you walk,Stumble every time you walk up/down stairs,16596,44115,0,1,1,0,0,0
Live on another planet,Live on a private island,14984,46968,0,1,1,0,0,0
Go permanently bald,Have uncontrollable hair growth,28744,33136,0,1,1,0,0,0
Loose your eyebrows,Loose all the hair on your head,34655,26783,0,1,1,0,0,0
Have super strength,Have super speed,22556,39306,0,1,1,0,0,0
Have the ability to fly,Have the ability to breathe underwater,45541,16263,0,1,1,0,0,0
Win the lottery,Find true love,35655,26293,0,1,1,0,0,0
Have all the power in the world,Have all the knowledge in the world,24397,37157,0,1,1,0,0,0
Travel the world,Stay in one place and explore everything it has to offer,51482,10053,0,1,1,0,0,0
Read people's thoughts,Read people's memories,45645,16047,0,1,1,0,0,0
Live in a world without war,Live in a world without poverty,33549,27878,0,1,1,0,0,0
Be able to heal anyone,Be able to bring dead people back to life,37430,24470,0,1,1,0,0,0
Poop your pants in public,Pee your pants in public,16129,45641,0,1,1,0,0,0
Be punched once a day,Be kicked twice a day,43442,18367,0,1,1,0,0,0
Only have 5 hours of a day fully alert,Have a full 14 hour day but be exhausted,36537,23454,0,1,1,0,0,0
Be stuck on the streets for the rest of your life,Be stuck in your home for the rest of your life,20300,40873,0,1,1,0,0,0
Always have your fingers caught in the door,Always receive a splinter when touching a door,19982,40563,0,1,1,0,0,0
Only eat sweet food,Only eat spicy food,29584,32450,0,1,1,0,0,0
Be stuck outside in a tornado,Be stuck outside during a hurricane,32185,29174,0,1,1,0,0,0
Receive a life prison sentence,Recieve the death penalty,27320,34219,0,1,1,0,0,0
Only be able to dance,Only be able to sing,21837,40217,0,1,1,0,0,0
Always have a pebble in your shoe,Always have wet socks,42890,18796,0,1,1,0,0,0
Have to kill five people you know,Have to kill one stranger,8947,52727,0,1,1,0,0,0
Never get sick,Never have to sleep,39855,22147,0,1,1,0,0,0
Host a party,Attend a party,12863,49078,0,1,1,0,0,0
Be a leader and make decisions for others,Be a follower and let others make the decisions for you,47995,13385,0,1,1,0,0,0
Have a great memory,Have a great sense of humor,32767,28724,0,1,1,0,0,0
Be able to cook like a professional chef,Sing like a professional singer,36907,24559,0,1,1,0,0,0
Date someone that is similar to you,Date someone who is very different from you,40675,20179,0,1,1,0,0,0
Never experience happiness,Never experience sadness (neutral emotion),7756,54158,0,1,1,0,0,0
Travel to a new destination each year,Revisit your favorite destination repeatedly each year,45820,14897,0,1,1,0,0,0
"Have a long, fulfilling career with modest success",Short but highly successful career,28921,32004,0,1,1,0,0,0
"Have a reliable, practical car",Have a luxury car that requires tedious weekly maintenance,48083,13026,0,1,1,0,0,0
Be a perfect artist,Be a perfect mathematician,32326,29530,0,1,1,0,0,0
Have a physically abusive partner,Have an emotionally abusive partner,29286,31374,0,1,1,0,0,0
Live under a constant COVID Lockdown,Live freely but risk spreading COVID,22891,38583,0,1,1,0,0,0
Always be right,Always get what you want,15607,46440,0,1,1,0,0,0
Be unable to listen to new music,Be unable to relisten to music,47439,14132,0,1,1,0,0,0
Lie for a friend cheating on their GF/BF,Snitch on a friend cheating on their GF/BF,28465,32320,0,1,1,0,0,0
Have 1 million Tik Tok followers,Have 1 million Instagram followers,22948,38810,0,1,1,0,0,0
Have very bad spring allergies,Have a very bad Flu strain each winter,34090,26786,0,1,1,0,0,0
Be ghosted by your crush,Be told you aren't liked by your crush,20968,40470,0,1,1,0,0,0
Be able to control the weather but only within a 5 mile radius,Be able to control the global weather but for ten minutes at a time,41304,19090,0,1,1,0,0,0
See the future but be unable to change it,Change the future but be unable to foresee the consequences,31242,29353,0,1,1,0,0,0
Have a home pool,Have a home hot tub,38990,22415,0,1,1,0,0,0
Always be the center of attention,Always be an observer,22132,39491,0,1,1,0,0,0
Be the first to arrive at parties,Be the last to leave parties,33645,27803,0,1,1,0,0,0
Get struck by lightning,Get hit by large falling rocks,48699,13201,0,1,1,0,0,0
Have to bike everywhere,Have to rely solely on public transportation,28923,32083,0,1,1,0,0,0
Only eat candy,Only eat cake,24864,37101,0,1,1,0,0,0
Always yell when talking,Always whisper when talking,18054,43682,0,1,1,0,0,0
Be good at something but have no passion,Have a passion for something but not be good at it,38507,22364,0,1,1,0,0,0
Lose the ability to talk,Lose the ability to hear,48386,13259,0,1,1,0,0,0
Have a personal maid,Have a personal assistant,25180,36528,0,1,1,0,0,0
Be reincarnated with your past memories but no skill,Be reincarnateed with your past skills but not memory,30505,29957,0,1,1,0,0,0
Get a brain freeze every time you drink anything,Get a toothache every time you eat anything,48761,12355,0,1,1,0,0,0
Always have dry lips,Always have dry eyes,48699,13555,0,1,1,0,0,0
Say thank you every time someone insults you,Say screw you anytime someone compliments you,53376,8434,0,1,1,0,0,0
Screem every time you are touched,Flinch every time you are touched,9104,51877,0,1,1,0,0,0
Be the only person that doesn't get to live forever,Be the only person that lives forever,38008,22770,0,1,1,0,0,0
Be hated for always doing the right thing,Be loved for always doing the wrong thing,35651,25907,0,1,1,0,0,0
Be a cannibal,Be an entomophage (eat insects),1522,3358,0,1,1,0,0,0
Go to jail for one year,Receive two years of house arrest,824,2310,0,1,1,0,0,0
Have a painless death right now,Stay alive but have a very painful death when the unknown time comes,1491,1558,0,1,1,0,0,0
Receive a life prison sentence,Recieve the death penalty,1439,1661,0,1,1,0,0,0
Have the ability to create anything,Have the ability to destroy anything,2750,315,0,1,1,0,0,0
Only be able to kiss your spouse,Only be able to hug your spouse,1754,1303,0,1,1,0,0,0
Kill someone but have no one know,Don't kill anyone but have everyone think you did,2406,690,0,1,1,0,0,0
Be immortal but paralytic (unable to move),Be mortal without any major medical issues,274,2806,0,1,1,0,0,0
Never be able to lie,Never be able to tell the truth,2522,556,0,1,1,0,0,0
Go to public school,Be homeschooled,2355,780,0,1,1,0,0,0
Never listen to music again,Always hear music playing,819,2314,0,1,1,0,0,0
Have to go to school in a shopping cart pushed by your mom,Have to go to school in a wagon pulled by your dad,1156,1910,0,1,1,0,0,0
Be a great painter,Be a great sculptor,2171,907,0,1,1,0,0,0
Only be able to swim in pools with hot water,Only be able to swim in pools with very cold water,1515,1621,0,1,1,0,0,0
Have a brain freeze every time you drink,Have a toothache every time you eat,2441,629,0,1,1,0,0,0
"Always have a runny, stuffy nose","Always have a mild, dry cough",1056,1965,0,1,1,0,0,0
Drink water from a flushed public toilet,Lick a public bathroom floor,1205,1834,0,1,1,0,0,0
Never be able to see your best friend(s) again,Never be able to see your pet(s) again,983,2027,0,1,1,0,0,0
Never be able to watch movies,Never be able to watch tv shows,1263,1719,0,1,1,0,0,0
Never experience romantic love at all,Discover your true love but be unable to have them,1718,1290,0,1,1,0,0,0
Only drink water,Only drink soda,2721,389,0,1,1,0,0,0
Poop on yourself once a day,Pee on yourself once a day,391,2788,0,1,1,0,0,0
Marry your enemy but you will slowly become COMPATIBLE,Marry your crush but you will slowly become INCOMPATIBLE,2556,572,0,1,1,0,0,0
Be the smartest but everyone thinks your dumb,Be the dumbest but everyone thinks you're smart,2603,521,0,1,1,0,0,0
Be the ONLY person that DOESN'T get to live forever,Be the ONLY person that GETS TO live forever,1841,1259,0,1,1,0,0,0
Have a romantic relationship with a dog,Have a romantic relationship with a cat,1631,1388,0,1,1,0,0,0
Tongue-kiss a dog/cat,Tongue-kiss a stranger's armpit,1713,1318,0,1,1,0,0,0
Play video games for the rest of your life,Watch movies for the rest of your life,2130,1008,0,1,1,0,0,0
Double your waist size,Double your height,793,2274,0,1,1,0,0,0
Always have a random taste in your mouth,Be unable to have taste in your mouth,2028,1066,0,1,1,0,0,0
Be blind,Be deaf,515,2551,0,1,1,0,0,0
Be able to slow down time,Be able to speed up time,2485,607,0,1,1,0,0,0
Have only one hand,Have only one leg,1710,1397,0,1,1,0,0,0
Always be lonely,Always be surrounded by others,965,2066,0,1,1,0,0,0
Have your eyes ripped out of their sockets,Have your tongue ripped out of your mouth,739,2270,0,1,1,0,0,0
Have more time,Have more money,1277,1806,0,1,1,0,0,0
Be in your favorite video game,Be on your favorite show,1525,1555,0,1,1,0,0,0
Have free public transportation,Have free public utilities,1455,1554,0,1,1,0,0,0
Live in a DC world,Live in a Marvel world,787,2292,0,1,1,0,0,0
Live through the 9/11 attack in the U.S,Live through the bombing in Hiroshima,2481,501,0,1,1,0,0,0
Be the only child in your family,Have a lot of siblings,1536,1502,0,1,1,0,0,0
"Become any vertebrate animal (Ex: Lion, Bird, Frog)","Become any invertebrate animal (Ex: Insects, Lobster, Jellyfish)",2603,399,0,1,1,0,0,0
Be a super villain,Be a superhero,1226,1836,0,1,1,0,0,0
Only celebrate your birthday,Only celebrate the birthdays' of others,1157,1910,0,1,1,0,0,0
Live with people who are obsessed with you,Live with people who hate you,2574,490,0,1,1,0,0,0
Live in a very chaotic society,Live in a strictly controlled society,1845,1206,0,1,1,0,0,0
Be able to predict the actions of others,Be able to influence the actions of others,1433,1583,0,1,1,0,0,0
Drink a shot of hot sauce,Drink a shot of soy sauce,1586,1578,0,1,1,0,0,0
Have everything you eat taste like chicken,Have every voice you hear sound like Kanye West,1825,1147,0,1,1,0,0,0
Marry your parents,Marry your siblings,658,2278,0,1,1,0,0,0
Only drink water,Only drink soda,2697,405,0,1,1,0,0,0
Have the ability to cure others of disease,Have the ability to only cure yourself of disease,2309,811,0,1,1,0,0,0
Only be able to use curse words,Be mute,1916,1244,0,1,1,0,0,0
Drink sewer water,Eat food in the sewer,971,2128,0,1,1,0,0,0
Receive $1 million today,Receive $5 million in ten years (Not adjusted for inflation),1777,1275,0,1,1,0,0,0
Go without shampoo for the rest of your life.,Go Without a comb/brush for the rest of your life.,1029,2086,0,1,1,0,0,0
See who loves you,See who hates you,2228,885,0,1,1,0,0,0
Bathe in vomit,Bathe in a pool filled with worms,1070,1936,0,1,1,0,0,0
Have to kill your best friend,Have to kill your sibling,1979,1143,0,1,1,0,0,0
Pineapple on pizza,No pineapple on pizza,859,2203,0,1,1,0,0,0
Be 10 times smarter than the smartest person,Be 10 times stronger than the strongest person,2180,867,0,1,1,0,0,0
Be super racist,Be super sexist,1403,1679,0,1,1,0,0,0
Be able to hold your breath for ten minutes,Be able to hold notes for ten minutes when singing,2344,732,0,1,1,0,0,0
Have someone die when you touch them,Have someone die when you make eye contact with them,1947,1140,0,1,1,0,0,0
"Become a god, but with NO powers and be loved",Become satin with all powers and be hated,1777,1224,0,1,1,0,0,0
Be mean to everyone that is nice to you,Be nice to everyone that is mean to you,610,2472,0,1,1,0,0,0
Be single for life,Have a partner that acts like a child,1511,1547,0,1,1,0,0,0
Have bad breath,Have smelly feet,441,2644,0,1,1,0,0,0
Stay isolated for the rest of your life,Have no privacy for the rest of your life,1712,1325,0,1,1,0,0,0
Have all knowledge but be unable to explain things,Have very limited knowledge but be good at explaining things,1898,1163,0,1,1,0,0,0
Have a home gym,Have a home cinema,1604,1528,0,1,1,0,0,0
Have an extra eye,Have an extra ear,2310,787,0,1,1,0,0,0
Be funny but not cool,Be cool but not funny,1954,1205,0,1,1,0,0,0
Lose both your arms,Lose both your legs,840,2252,0,1,1,0,0,0
Get a flat tire,Run out of gas,1705,1402,0,1,1,0,0,0
Only have spoons,Only have forks,1786,1262,0,1,1,0,0,0
$200 every time you get hurt,$20 every time you help someone,2074,1170,0,1,1,0,0,0
Be an Elder Sibling,Be a Younger Sibling,1581,1558,0,1,1,0,0,0
Take care of animals in a shelter,Take care of children in an orphanage,1995,1042,0,1,1,0,0,0
Have a medieval house,Have a modern house,616,2570,0,1,1,0,0,0
Have a lazy partner,Have a stupid partner,1826,1276,0,1,1,0,0,0
Always be too cold,Always be too hot,2263,847,0,1,1,0,0,0
Spend 2 years in prison,Spend your weekends in prison for the next 5 years,1472,1571,0,1,1,0,0,0
Live in Paris but feel depressed,Live in North Korea but feel happy,1825,1228,0,1,1,0,0,0
Die before your partner,Die after your partner,1493,1525,0,1,1,0,0,0
Always be with people but feel alone,Always be alone but not feel alone,923,2124,0,1,1,0,0,0
Only speak in Morse code,Only speak in binary,1975,1074,0,1,1,0,0,0
Be not cool but smart,Be cool but be dumb,2385,673,0,1,1,0,0,0
Control Time,Control Space,2472,612,0,1,1,0,0,0
Fight in an ancient war,Fight in a modern war,1735,1352,0,1,1,0,0,0
Cheat on someone,Be cheated on,1283,1729,0,1,1,0,0,0
Always be constipated,Always have diarrhea,1916,1180,0,1,1,0,0,0
Have the power to do whatever you want without getting in trouble,Be able to change the probability of any outcome,1347,1605,0,1,1,0,0,0
Have everyone doubt you but succeed,Have everyone believe in you but fail,2828,223,0,1,1,0,0,0
Have your bus driver die while driving on a mountain,Have your pilot die while flying,2031,995,0,1,1,0,0,0
Have your parachute fail while skydiving,Have an engine failure while flying a helicopter,1167,1852,0,1,1,0,0,0
Have any item of clothing you want,Have any food item you want,1449,1572,0,1,1,0,0,0
Stub your toe once every day,Whack your funny bone every other day,1193,1777,0,1,1,0,0,0
Be the opposite sex for a day,Be an animal of your choosing for a day,1567,1487,0,1,1,0,0,0
Only be able to eat with a knife,Only be able to eat with your hands,705,2360,0,1,1,0,0,0
Always be itchy,Always be tired,774,2318,0,1,1,0,0,0
Live in a developed country but you are poor,Live in an undeveloped country but you are rich,611,2412,0,1,1,0,0,0
Be very tall,Be very short,2535,660,0,1,1,0,0,0
Always need a watch to tell the time,Always need a clock to tell the time,2613,445,0,1,1,0,0,0
Share a first name with an awful person (Ex: Hitler),Share a birthday with a tragic event (Ex: Sept. 11),637,2425,0,1,1,0,0,0
Be betrayed by your siblings,Be betrayed by your parents,2374,757,0,1,1,0,0,0
Poop your pants when someone laughs,Pee your pants when someone gets angry,399,2569,0,1,1,0,0,0
Never understand what people are saying for the first time,Never be understood the first time you say something,1650,1501,0,1,1,0,0,0
Be able to shrink whenever you want,Be able to grow whenever you want,1559,1560,0,1,1,0,0,0
Only eat expired foods,Only drink expired beverages,597,2414,0,1,1,0,0,0
Live alone on a secluded island,Live in an overpopulated city,1159,1835,0,1,1,0,0,0
Have whatever you say become real,Have whatever you think become real,2294,785,0,1,1,0,0,0
Clone yourself an unlimited amount of times,Clone any object an unlimited amount of times,514,2582,0,1,1,0,0,0
Never see an animal ever again,Have a 70% chance of getting attacked by any animal you see,2025,952,0,1,1,0,0,0
Receive $1 for every step you've taken in your life,Receive $1 for every blink of your eyes you've taken,444,2656,0,1,1,0,0,0
Have no parents at all (assuming you can still exist),Have unsupportive parents,1853,1175,0,1,1,0,0,0
Double your intelligence,Double your attractiveness,1974,1171,0,1,1,0,0,0
Watch the movie,Read the book,2396,674,0,1,1,0,0,0
Have many short-term relationships,Have very few long-term relationships,555,2419,0,1,1,0,0,0
Become the King/Queen of the UK,Become the president of the USA,1683,1435,0,1,1,0,0,0
Erase all of your past bad memories,Erase your past bad impressions in the memories of others,1106,1914,0,1,1,0,0,0
Spend a night on the ocean,Spend a night in a forest,1336,1784,0,1,1,0,0,0
Always fall in love too easily,Always have a very hard time falling in love,988,1998,0,1,1,0,0,0
Have the power to specifically erase 10 of your memories,Be able to see the memories of others by touching them,25389,96640,0,1,1,0,0,0
Travel 10 years into past but you can't return to present,Travel 2 years into the future but you can return to present,39645,74254,0,1,1,0,0,0
Be a vampire hunter,Be a vampire,50484,65864,0,1,1,0,0,0
Become any character from any game,Become any character from any anime,60083,56550,0,1,1,0,0,0
Fly with a Dragon,Swim with a Mermaid,89478,24549,0,1,1,0,0,0
Live happily in a kingdom in the sky,Live happily in a kingdom in the ocean,81115,34320,0,1,1,0,0,0
Ability to heal yourself and not others,Ability to heal others and not yourself,48098,69338,0,1,1,0,0,0
Ability to pause time (only once per day),"Ability to become invisible (lasts an entire day, only once a week)",80701,30227,0,1,1,0,0,0
Make anything appear out of thin air (5 hour cooldown),Hypnotize anyone within seeing distance for 12 hours (30 hour cooldown),82233,30912,0,1,1,0,0,0
Have hair everywhere on you,Have hair nowhere on you,36197,78705,0,1,1,0,0,0
Have infinite knowledge,Be omnipotent,62756,54081,0,1,1,0,0,0
Be stuck living forever,Only live for 10 more years,52584,65916,0,1,1,0,0,0
Be a vampire,Be a werewolf,67852,48948,0,1,1,0,0,0
Have all your fingers permanently replaced by scissors,Have both your feet permanently replaced by butter knives,47571,65951,0,1,1,0,0,0
Redo your life from the start with your current memories,Get a completely new life with no memories,86960,25336,0,1,1,0,0,0
Be any bird,Be any object,68180,48405,0,1,1,0,0,0
Break into a stranger's home and stay for 2 days without them knowing,Stay outside for 6 days,70867,44839,0,1,1,0,0,0
"Get piercings everywhere possible (tongue, ears, eyebrows, bellybutton, etc)",Get tattoos all over your body,35024,79246,0,1,1,0,0,0
Drown to death in the ocean,Burn to death in lava,62567,54295,0,1,1,0,0,0
Know everything about outer space,Know everything about Earth's oceans,73501,40881,0,1,1,0,0,0
"Have the love of your life, but be broke","Be forever alone, but rich",59531,59928,0,1,1,0,0,0
Never be able to play any game again,"Never be able to watch/stream anything again (Ex: Youtube, Netflix)",65891,48489,0,1,1,0,0,0
Work 9 to 5 on a job you hate,Work 7 to 6 on a job you love,12325,105947,0,1,1,0,0,0
Your accused of being a criminal but your family/love-one is the criminal,Your family/love ones is accused of being criminals but you're the criminal,62935,50493,0,1,1,0,0,0
Live a lonely but saintly life,Have lots of friends but be a slightly bad person,43529,68548,0,1,1,0,0,0
Drink hot drinks in Summer,Drink cold drinks in Winter,26280,88482,0,1,1,0,0,0
Lose your sense of touch,Lose your sense of sight,97300,20852,0,1,1,0,0,0
Get a large tattoo of a person you dislike on your back,Get a master's degree in a field you dislike,18022,97861,0,1,1,0,0,0
Pat every animal you see,Sing along to every song you know under any circumstances,47812,49386,0,1,1,0,0,0
Have 1 billion dollars,Get 1 penny and double it every day,39477,75998,0,1,1,0,0,0
Never worry about wealth,Never worry about health,59921,59423,0,1,1,0,0,0
Be the smartest but everyone hates you,Be the stupidest but everyone loves you,56137,57922,0,1,1,0,0,0
Drive for at least 3 hours a day,Play chess for at least 3 hours a day,67278,48632,0,1,1,0,0,0
Be stranded in North Korea for 50 years,Spend 50 years of jail in russia,72155,45040,0,1,1,0,0,0
Have nothing in your life,Have nobody in your life,72935,44657,0,1,1,0,0,0
"Only Eat Fast Food (quick, convenient, many options)","Only Eat Homemade Food (takes longer, cheaper in long run, cooking flexibility)",26799,86646,0,1,1,0,0,0
Be forever happy but someone else is depressed,Be forever depressed but someone else is happy,93244,23373,0,1,1,0,0,0
Wear a sweatshirt in 90 degree weather,Wear a t-shirt in 10 degree weather,46056,69985,0,1,1,0,0,0
Everything stays the way it is and you live double your destined life,"You're born into wealthy and lucky circumstances, but live half of your destined life",68782,43273,0,1,1,0,0,0
Have your dream car but you can't use it,Have a bad car with infinite gasoline,19733,95376,0,1,1,0,0,0
Every food you eat is too salty,Every drink you drink is too sweet,29877,85132,0,1,1,0,0,0
Suffer from a disease without any cure,Suffer a wound that will never heal,34307,79466,0,1,1,0,0,0
Lose Wifi for a year,Prices go up by 20% for you for a year,60602,56970,0,1,1,0,0,0
Always be aroused,Never feel arousal at all,63318,49591,0,1,1,0,0,0
Live in a world without internet,Live in a world without music,56280,60016,0,1,1,0,0,0
Have the ability to time travel to any point in the past,Have the ability to teleport to any location instantly,35308,76722,0,1,1,0,0,0
You live in a fantasy world as an average person (you get to choose the world),You live in the real world but are an above average person (comfortably wealthy & smart),36964,76847,0,1,1,0,0,0
Never be able to eat your favourite food,Eat only your favourite food for the rest of your life,73839,42268,0,1,1,0,0,0
Live-stream your entire life,Never access social media ever again,42064,72918,0,1,1,0,0,0
Only eat burnt food,Always bite your tongue when you eat,52638,64111,0,1,1,0,0,0
Scream loudly while you're asleep,Be blind and deaf for the first 30 mins after waking up,35899,79569,0,1,1,0,0,0
Have 10 billion dollars but only be able to donate it,Only make money from donations your entire life,75663,40189,0,1,1,0,0,0
Never be able to feel anything emotionally again,Never be able to feel anything physically again,44339,70200,0,1,1,0,0,0
"Never be able to go outside, but you have internet","Be able to go outside, but have no internet",48818,65208,0,1,1,0,0,0
Go to jail for one year,Receive three years of house arrest,39168,74872,0,1,1,0,0,0
Have a painless death right now,Stay alive but have a very painful death when the unknown time comes,57377,57888,0,1,1,0,0,0
Only be able to kiss your spouse,Only be able to hug your spouse,65492,50696,0,1,1,0,0,0
Kill someone but have no one know,Don't kill anyone but have everyone think you did,86195,28263,0,1,1,0,0,0
Never listen to music again,Always hear music playing,29642,85312,0,1,1,0,0,0
Have to go to school in a shopping cart pushed by your mom,Have to go to school in a wagon pulled by your dad,43137,70324,0,1,1,0,0,0
Only be able to swim in pools with hot water,Only be able to swim in pools with very cold water,58873,56568,0,1,1,0,0,0
Have a brain freeze every time you drink,Have a toothache every time you eat,89317,23099,0,1,1,0,0,0
"Always have a runny, stuffy nose","Always have a mild, dry cough",40264,76050,0,1,1,0,0,0
Drink water from a flushed public toilet,Lick a public bathroom floor,46977,68340,0,1,1,0,0,0
Never be able to watch movies,Never be able to read books,38668,75624,0,1,1,0,0,0
Never experience romantic love at all,Discover your true love but be unable to have them,63776,49984,0,1,1,0,0,0
Marry your enemy but you will slowly become COMPATIBLE,Marry your crush but you will slowly become INCOMPATIBLE,97590,19929,0,1,1,0,0,0
Be the ONLY person that DOESN'T get to live forever,Be the ONLY person that GETS TO live forever,68995,46975,0,1,1,0,0,0
Have a romantic relationship with a dog,Have a romantic relationship with a cat,55311,56415,0,1,1,0,0,0
Tongue-kiss a dog/cat,Tongue-kiss a stranger's armpit,60288,51321,0,1,1,0,0,0
Play video games for the rest of your life,Watch movies for the rest of your life,77180,38353,0,1,1,0,0,0
Always have a random taste in your mouth,Be unable to have taste in your mouth,74681,38971,0,1,1,0,0,0
Have only one hand,Have only one leg,61914,53079,0,1,1,0,0,0
Always be lonely,Always be surrounded by others,37455,76134,0,1,1,0,0,0
Have more time,Have more money,47272,67795,0,1,1,0,0,0
Be in your favorite video game,Be on your favorite show,59627,55779,0,1,1,0,0,0
Have free public transportation,Have free public utilities,53652,61623,0,1,1,0,0,0
Live in a DC world,Live in a Marvel world,33427,83907,0,1,1,0,0,0
Be the only child in your family,Have a lot of siblings,54596,61294,0,1,1,0,0,0
Be a super villain,Be a superhero,48069,67182,0,1,1,0,0,0
only celebrate your birthday,only celebrate the birthdays' of others,40187,75366,0,1,1,0,0,0
Live with people who are obsessed with you,Live with people who hate you (no physical violence),92096,23988,0,1,1,0,0,0
Live in a very chaotic society,Live in a strictly controlled society,70218,43833,0,1,1,0,0,0
Be able to predict the actions of others,Be able to influence the actions of others,52720,61729,0,1,1,0,0,0
Drink a shot of hot sauce,Drink a shot of soy sauce,58585,58419,0,1,1,0,0,0
Have everything you eat taste like chicken,Have every voice you hear sound like Kanye West,69929,44861,0,1,1,0,0,0
Marry your parents,Marry your siblings,26544,82742,0,1,1,0,0,0
Only be able to use curse words,Be mute,66181,50515,0,1,1,0,0,0
Drink sewer water,Eat food from the sewer,71462,40049,0,1,1,0,0,0
Receive $1 million today,Receive $5 million in ten years (unadjusted for inflation),66274,49184,0,1,1,0,0,0
Go without shampoo for the rest of your life.,Go Without a comb/brush for the rest of your life.,38936,74421,0,1,1,0,0,0
See who actually loves you,See who hates you,80950,31930,0,1,1,0,0,0
Have to kill your best friend,Have to kill your sibling,69004,44470,0,1,1,0,0,0
Be 10 times smarter than the smartest person,Be 10 times stronger than the strongest person,83197,32543,0,1,1,0,0,0
be super racist,be super sexist,56952,56811,0,1,1,0,0,0
Have someone die when you touch them,Have someone die when you make eye contact with them,70798,44139,0,1,1,0,0,0
"Become a god, but with NO powers and be loved",Become satin with all powers and be hated,60797,39187,0,1,1,0,0,0
Be single for life,Have a partner that acts like a child,58354,58443,0,1,1,0,0,0
Stay isolated for the rest of your life,Have no privacy for the rest of your life,67714,48920,0,1,1,0,0,0
Have all knowledge but be unable to explain things,Have very limited knowledge but be good at explaining things,72271,42394,0,1,1,0,0,0
Have a home gym,Have a home cinema,57898,57831,0,1,1,0,0,0
Be funny but not cool,Be cool but not funny,70355,46199,0,1,1,0,0,0
Get a flat tire,Run out of gas,65915,54264,0,1,1,0,0,0
Only have spoons,Only have forks,69383,46099,0,1,1,0,0,0
$200 every time you get hurt,$20 every time you help someone,71671,46495,0,1,1,0,0,0
Be an Elder Sibling,Be a Younger Sibling,57876,57680,0,1,1,0,0,0
Take care of animals in a shelter,Take care of children in an orphanage,72382,41398,0,1,1,0,0,0
Have a medieval house,Have a modern house,25655,90213,0,1,1,0,0,0
have a lazy partner,have a stupid partner,67160,49952,0,1,1,0,0,0
Always be too cold,Always be too hot,80203,33155,0,1,1,0,0,0
spend 2 years in prison,Spend your weekends in prison for the next 5 years,56468,57521,0,1,1,0,0,0
Live in Paris but feel depressed,Live in North Korea but feel happy,63757,51740,0,1,1,0,0,0
Die before your partner,Die after your partner,58779,56599,0,1,1,0,0,0
Only speak in Morse code,Only speak in binary,72591,40850,0,1,1,0,0,0
Be not cool but smart,Be cool but be dumb,92165,25265,0,1,1,0,0,0
Fight in an ancient war,Fight in a modern war,62688,52477,0,1,1,0,0,0
Cheat on someone,Be cheated on,49578,67368,0,1,1,0,0,0
Always be constipated,Always have diarrhea,69740,46172,0,1,1,0,0,0
Have the power to do whatever you want without getting in trouble,Be able to change the probability of any outcome,51588,61555,0,1,1,0,0,0
Have your parachute fail while skydiving,Have an engine failure while flying a helicopter,41204,71082,0,1,1,0,0,0
Have any item of clothing you want,Have any food item you want,54090,61144,0,1,1,0,0,0
Stub your toe once every day,Whack your funny bone every other day,44734,70217,0,1,1,0,0,0
Be the opposite sex for a day,Be an animal of your choosing for a day,59285,53870,0,1,1,0,0,0
Be able to shrink whenever you want,Be able to grow whenever you want,58409,58106,0,1,1,0,0,0
Live alone on a secluded island,Live in an overpopulated city,46139,69840,0,1,1,0,0,0
Have whatever you say become real,Have whatever you think become real,87100,29649,0,1,1,0,0,0
Never see an animal ever again,Have a 70% chance of getting attacked by any animal you see,77220,39455,0,1,1,0,0,0
Have no parents at all (assuming you can still exist),Have unsupportive parents,71353,44716,0,1,1,0,0,0
Double your intelligence,Double your attractiveness,71127,43255,0,1,1,0,0,0
Become the King/Queen of the UK,Become the president of the USA,60945,52095,0,1,1,0,0,0
Erase all of your past bad memories,Erase your past bad impressions in the memories of others,41401,72212,0,1,1,0,0,0
Spend a night on the ocean,Spend a night in a forest,50557,65084,0,1,1,0,0,0
Always fall in love too easily,Always have a very hard time falling in love,37934,80060,0,1,1,0,0,0
Be able to walk on water without drowning,Be able to touch fire without burning,59200,57260,0,1,1,0,0,0
Have all your family hate you,Have everyone but your family hate you,55305,62317,0,1,1,0,0,0
Have your voice delayed by 5 seconds,Have your vision delayed by 5 seconds,98034,14347,0,1,1,0,0,0
Go Skydiving,Go Deep Sea Diving,78563,37300,0,1,1,0,0,0
Lose all your memories but keep skills,Lose all your skills but keep memories,53664,63547,0,1,1,0,0,0
"Always feel happy, but act angry","Always feel angry, but act happy",77238,40572,0,1,1,0,0,0
Never need to sleep,Never need to eat,82790,34616,0,1,1,0,0,0
Only be able to play your favorite game,Be able to play any game except for your favorite game,38135,77603,0,1,1,0,0,0
Have Strong Legs,Have Strong Arms,51111,66624,0,1,1,0,0,0
Have very buck teeth,Have very crooked teeth,60284,56982,0,1,1,0,0,0
Proficient in a foreign language,Proficient in mathematics,60133,56360,0,1,1,0,0,0
"Fail every class in school, but everyone is proud/happy for you","Pass every class in school, but everyone hates/envy you",49622,63592,0,1,1,0,0,0
Lose the ability to talk,Lose the ability to walk,69860,46055,0,1,1,0,0,0
Have to kill five strangers,Have to kill one person you know,56853,58884,0,1,1,0,0,0
Have a set-out path in life,Have complete unknowns,54088,61814,0,1,1,0,0,0
Have a bad body odor,Have bad breath,30541,83638,0,1,1,0,0,0
Stay outside all your life,Stay inside all your life,61648,55927,0,1,1,0,0,0
Always have to travel by train,Always have to travel by bus,71035,44905,0,1,1,0,0,0
Be stuck reliving the same good day over and over again,Have every bad day of your life repeated twice,54133,59107,0,1,1,0,0,0
Hike a large mountain,Run a marathon,51215,34604,0,1,1,0,0,0
Be attractive but very annoying,Be unattractive but very charismatic,30587,56608,0,1,1,0,0,0
Be stuck outside all your life,Be stuck inside all your life,45948,41567,0,1,1,0,0,0
Accidently drop a baby,Accidently drop three puppies,31266,57007,0,1,1,0,0,0
Be an amazing pianist,Be an amazing drummer,54913,30785,0,1,1,0,0,0
You can fly but only in the cardinal directions (cannot go up or down) 15ft above ground,You can teleport but only within a 1.6km (1mi) radius,14891,72718,0,1,1,0,0,0
Have a clone of yourself,Be able to control someone else,22459,63570,0,1,1,0,0,0
Never have homework in school,Never have an exam in school,32519,54685,0,1,1,0,0,0
Have to document a plant's growth over ten years,Have to document a child's growth over ten years,34888,50960,0,1,1,0,0,0
Have an unlimited army of gnomes for eternity,Be a demigod,24635,60615,0,1,1,0,0,0
Only be able to sing,Only be able to dance,58406,27786,0,1,1,0,0,0
Act on broadway,Act in Movies/T.V.,13010,72356,0,1,1,0,0,0
Live underground,Inhabit an isolated mountaintop,37613,48303,0,1,1,0,0,0
Have a spouse but no personal friends,Have no spouse but have friends,34557,50734,0,1,1,0,0,0
Have to sell your pet(s) but collect the revenue,Have to give your car away for free,41997,43166,0,1,1,0,0,0
"Teleport, but every time you do you slowly lose your eyesight","Have super speed, but have to eat 25k calories a day to maintain it",24505,60301,0,1,1,0,0,0
Have 10 wishes,Be a genie that grants wishes,71951,13676,0,1,1,0,0,0
Have Your Back Cracked By A Chiropractor,Have Your Mind Explored by a Psychic to uncover your deepest thoughts and emotions,42294,44802,0,1,1,0,0,0
Only Eat Fruits,Only Eat Vegetables,65588,23407,0,1,1,0,0,0
Always over spice your food,Always have your food taste bland,58119,24981,0,1,1,0,0,0
Lose your mobile phone,Lose your PC,38205,49389,0,1,1,0,0,0
Always be tired but not sick,Always be sick but not tired,63287,20259,0,1,1,0,0,0
Have four hands,Have four feet,78105,11812,0,1,1,0,0,0
Save your dad from falling off a cliff,Save your mom from falling off a cliff,24916,55677,0,1,1,0,0,0
Be short but buff,Be tall but skinny,34409,52142,0,1,1,0,0,0
ALWAYS SUMMER,ALWAYS WINTER,46011,42099,0,1,1,0,0,0
Lick the inside of a stranger's ear,Lick a stranger's armpit,53370,31691,0,1,1,0,0,0
Get stuck with a needle each time you lie,Get skinnier each time you tell the truth,48038,39855,0,1,1,0,0,0
Have 100 duck-sized elephants,Have one elephant-sized duck,38081,47574,0,1,1,0,0,0
Instantly know when someone is lying to you,Be able to lie without ever being caught,50191,37783,0,1,1,0,0,0
Be unable to speak at all (mute),Have to say every thought that comes into your mind out loud,54969,32268,0,1,1,0,0,0
Only be able to play Fortnite for the rest of you live,Only be able to play Minecraft for the rest of you life,24826,63098,0,1,1,0,0,0
Never be able to have kids (no adoption),Have three babies delivered to your doorstep right now,49935,36892,0,1,1,0,0,0
Die in 10 years but happy and with people,Die in 50 years alone and unhappy,68694,17876,0,1,1,0,0,0
Drink orange juice for the rest of your life,Drink apple juice for the rest of your life,41700,46050,0,1,1,0,0,0
Improve your physical health by 50%,Improve your mental health by 50%,46380,39706,0,1,1,0,0,0
Only be able to read,Only be able to write,68305,19303,0,1,1,0,0,0
Have a gaming laptop,Have a gaming PC,19529,66332,0,1,1,0,0,0
Have your spouse picked for you,Have your permanent career picked for you,36737,48203,0,1,1,0,0,0
Be a fool but optimistic,Be smart but pessimistic,31516,54427,0,1,1,0,0,0
Be able to drink anything but have a 50% chance of choking each time,Only be able to drink water but only have a 1% chance of choking,19610,65648,0,1,1,0,0,0
Listen to music from the 80s and 90s,Listen to music from 2010s and 2020s,32750,53544,0,1,1,0,0,0
Be very obese,Be very skinny,14477,73637,0,1,1,0,0,0
Have tongues for fingers,Have a finger as a tongue,31922,55300,0,1,1,0,0,0
See the future,Change the past,48194,39551,0,1,1,0,0,0
Only be able to play one game from each game studio,Only be able to play the games made by one game studio,58028,24336,0,1,1,0,0,0
Play a small part in a good movie,Play the main part in a terrible movie,70504,16580,0,1,1,0,0,0
Have no hair anywhere,Have never ending growing hair,49660,39479,0,1,1,0,0,0
Have the memory of a goldfish,Have the neck of a giraffe,47777,38478,0,1,1,0,0,0
Never be able to draw,Never be able to write,68435,18845,0,1,1,0,0,0
"Never be able to say ""No""","Never be able to say ""Yes""",39088,47070,0,1,1,0,0,0
Have fingers for toes,Have toes for fingers,69634,17307,0,1,1,0,0,0
Only eat salty food,Only eat sugary food,56448,27283,0,1,1,0,0,0
Re-live 5 years of your life,Erase 5 years of your life,66960,22565,0,1,1,0,0,0
Travel by yourself,Travel with family,36520,52031,0,1,1,0,0,0
Live in the town you were born in forever,Never see the town you were born in again,33360,54480,0,1,1,0,0,0
Have to poop every 35 minutes,Have to pee every 35 minutes,7192,81296,0,1,1,0,0,0
Have everyone judge/think about everything you do,Have nobody care about you at all,41133,44678,0,1,1,0,0,0
Have no fingernails,Have no eyelashes,44529,44228,0,1,1,0,0,0
Spend your entire summer at the beach,Spend your entire summer in the mountains,48996,36335,0,1,1,0,0,0
Tell your best friend all your secrets,Tell your parents all your secrets,68165,35312,0,1,1,0,0,0
Always consciously breathe,Always consciously blink,35958,50187,0,1,1,0,0,0
Everyone fears you,Everyone loves you,15018,48772,0,1,1,0,0,0
Have a fast death,Have a slow death,76860,13186,0,1,1,0,0,0
Fart in public,Burp in public,22070,67106,0,1,1,0,0,0
Leave your family,Leave your friends,25976,61797,0,1,1,0,0,0
Only be able to operate during the day,Only be able to operate during the night,58288,26793,0,1,1,0,0,0
Only be able to SUBSCRIBE,Only be able to LIKE THE VIDEO,34064,50005,0,1,1,0,0,0
Have an extra finger,Have an extra toe,50120,38852,0,1,1,0,0,0
Be a sport champion,Be a memory champion,51904,34996,0,1,1,0,0,0
Become a sentient toilet,Become a sentient punching bag,25969,61002,0,1,1,0,0,0
Be Married Forever,Be Single Forever,59978,23650,0,1,1,0,0,0
Have to kiss a random family member,Have to kiss a random stranger,33664,51800,0,1,1,0,0,0
Have your home infested with rats,Have your home infested with snakes,53611,32041,0,1,1,0,0,0
Lose your arms,Lose your legs,25671,59247,0,1,1,0,0,0
Get $100M right now,Receive three wishes from a Genie right now,12220,72852,0,1,1,0,0,0
Live in a school,Live in a kids park,65011,20782,0,1,1,0,0,0
Be Cruel in a Kind World,Be Kind in a Cruel World,41198,46462,0,1,1,0,0,0
No electricity,No internet,21965,65067,0,1,1,0,0,0
Cure cancer,Cure world hunger,48243,39729,0,1,1,0,0,0
Fly first class for every commercial flight,"Private jet for every flight, but only be able to bring 50% of luggage",52439,33026,0,1,1,0,0,0
Shatter the minds of the people that you speak to,Severely beat up people that you touch,39650,42975,0,1,1,0,0,0
Have the IQ of everyone in the world combined,Have the wealth of everyone in the world combined,35389,51059,0,1,1,0,0,0
Own all the weapons in the world but only master one,Master all the weapons in the world but only use one,46610,48749,0,1,1,0,0,0
Have one ear but three eyes,Have three ears but one eye,64430,54223,0,1,1,0,0,0
Control time,Control the weather,71297,14870,0,1,1,0,0,0
Always be clueless,Always be paranoid,48452,37185,0,1,1,0,0,0
Be a doctor,Be a lawyer,43925,44103,0,1,1,0,0,0
Be able to explore the Universe,Be able to explore the unknows of the Earth,52166,32772,0,1,1,0,0,0
Have everyone in the world be slightly smarter (In terms of IQ).,Have everyone in the world be moderately stronger (In terms of muscle mass).,54379,30767,0,1,1,0,0,0
Become a famous dancer,Become a famous singer,15137,71948,0,1,1,0,0,0
Have you entire photo gallery shared with your family,Never use a smartphone again,12700,3876,0,1,1,0,0,0
Use eye drops made of vinegar,"Use toilet paper, made from sandpaper",6483,10310,0,1,1,0,0,0
Never have to wait for anything,Never have to work for anything,6097,10609,0,1,1,0,0,0
Have your mind serve as an iPod so you can listen to music anytime,Be able to watch your dreams on television,7898,8625,0,1,1,0,0,0
"Always travel for free, but be unable to choose the destination","Always pay to travel, but go wherever you desire",9209,7297,0,1,1,0,0,0
Be able to fly at walking speed,Be able to run at 100 mph (160km/h),5963,10681,0,1,1,0,0,0
Have the ability to become invisible,Have the ability to read minds,7738,8894,0,1,1,0,0,0
Eat only pizza for a year,Eat only sushi for a year,10725,6039,0,1,1,0,0,0
Live without music,Live without television,4535,12107,0,1,1,0,0,0
Spend a year living in a submarine,Spend a year living in a space station,3842,12731,0,1,1,0,0,0
Have a pause button for your life,Have a rewind button for your life,5335,10978,0,1,1,0,0,0
Live without the internet,Live without air conditioning and heating,5952,10503,0,1,1,0,0,0
Taste anything you touch,Be unable to taste anything,9305,7385,0,1,1,0,0,0
Be a prodigy at a young age but burn out later,Achieve success late in life but last longer,2676,13682,0,1,1,0,0,0
Be famous when you are alive and forgotten when you die,Be unknown when you are alive but famous after you die,8846,7410,0,1,1,0,0,0
Have a lifetime of free international first-class plane tickets,Have a lifetime of free five-star hotel accommodations,6053,10372,0,1,1,0,0,0
Have super sensitive taste,Have super sensitive hearing,8307,8052,0,1,1,0,0,0
Never lose your phone again (no trackers),Never lose your keys again (no trackers),10713,5880,0,1,1,0,0,0
Be able to change the smell of anything at will,Be able to change the taste of any food at will,3960,12586,0,1,1,0,0,0
Have to walk on all fours wherever you go,Have to hop on one foot wherever you go,6809,9546,0,1,1,0,0,0
Become ten years younger,Become ten years older,11315,5345,0,1,1,0,0,0
Write a best-selling novel,Create a popular music album,5661,10959,0,1,1,0,0,0
Win a trip to the moon,Win a trip to every country on Earth,3401,12809,0,1,1,0,0,0
Be a character in your favorite video game,Be a character in your favorite movie,7589,8384,0,1,1,0,0,0
Have a car that can drive underwater,Have a car that can fly,2392,13654,0,1,1,0,0,0
Live in a house with no windows,Live in an all-glass house,10448,5647,0,1,1,0,0,0
Be a famous director,Be a famous actor,5006,11159,0,1,1,0,0,0
Win an Olympic medal,Win an Academy Award,9087,7206,0,1,1,0,0,0
Have a permanent clown nose,Have permanent elf ears,2180,13833,0,1,1,0,0,0
Never have to work again,Never have to clean again,11023,5309,0,1,1,0,0,0
Always have the best hair,Always have the best outfit,6471,9657,0,1,1,0,0,0
Win the lottery but lose all your friends,Remain broke but keep your friends,7622,8450,0,1,1,0,0,0
Be able to write/type extremely fast,Be able to read extremely fast,7972,8138,0,1,1,0,0,0
Return every nonessential item you've ever bought,Never be able to buy anything nonessential again,10212,5497,0,1,1,0,0,0
Have been born 10 years earlier,Have been born 10 years later,11948,4520,0,1,1,0,0,0
Be known for your intelligence,Be known for your beauty,11427,4685,0,1,1,0,0,0
Live life as a silent film,Live life as a musical,4947,10848,0,1,1,0,0,0
"Live one life that lasts 1,000 years",Live 10 lives that last 100 years each,4761,11460,0,1,1,0,0,0
Be stranded in the jungle,Be stranded in the desert,13401,2587,0,1,1,0,0,0
Have to perform surgery with no training on a loved one,Have to fly an empty plane with no training (might crash and harm others),4365,11496,0,1,1,0,0,0
Be the funniest person alive,Be the most attractive person alive,7489,8403,0,1,1,0,0,0
Be hunted by a cult with modern weapons,Be hunted by a pack of lions,5698,10055,0,1,1,0,0,0
Have all your shirts be 2 sizes too big,Have all your pants be 2 sizes too small,14788,1331,0,1,1,0,0,0
Travel with a circus,Travel with a band,3329,12876,0,1,1,0,0,0
Lose your sense of smell,Lose your sense of taste,12382,3728,0,1,1,0,0,0
Own your dream house,Own your dream car,13766,2571,0,1,1,0,0,0
Live the same day over and over again for one year,Lose a year of your life,6821,9300,0,1,1,0,0,0
Be a famous inventor,Be a famous writer,11731,4515,0,1,1,0,0,0
Have a head the size of a tennis ball,Have a head the size of a watermelon,2592,13352,0,1,1,0,0,0
Give up your favorite food forever,Give up your favorite drink forever,4419,11638,0,1,1,0,0,0
Never be able to go out during the day,Never be able to go out at night,4301,11763,0,1,1,0,0,0
Be half your weight,Double your weight,9495,6600,0,1,1,0,0,0
Wrestle an alligator,Wrestle a bear,10457,5671,0,1,1,0,0,0
Sneeze every time you greet someone,Burp every time you dismiss someone (e.g. say bye),9540,6471,0,1,1,0,0,0
Own a private island,Own a private jet,10846,5377,0,1,1,0,0,0
Be a genius that nobody believes,Be an idiot that everyone believes,11218,4987,0,1,1,0,0,0
Become a stranger's puppet for a day,Be locked in a small room for a day with only water,4180,11695,0,1,1,0,0,0
Stand all day,Sit all day,5676,10482,0,1,1,0,0,0
"Win $50,000","Let your best friend win $500,000",6091,10034,0,1,1,0,0,0
Face your biggest fear once,Have constant small fears daily,13156,2771,0,1,1,0,0,0
Move to a new city or town every week,Never be able to leave the city or town you were born in,8509,7445,0,1,1,0,0,0
Have the most epic entrance whenever you arrive,Have the most epic goodbye whenever you leave,10012,6064,0,1,1,0,0,0
Have all your dreams granted but have a 10% chance of instant death,Be forever cursed with very mild inconveniences,12096,3726,0,1,1,0,0,0
Never have to do laundry,Never have to do dishes,7164,9022,0,1,1,0,0,0
Sneeze uncontrollably for 15 minutes every day at a random time,Suddenly become completely naked for 5 minutes once a month at a random time,11049,5037,0,1,1,0,0,0
Live during the Renaissance,Live during the Industrial Revolution,8418,7543,0,1,1,0,0,0
Be forced to dance every time you hear music,Be forced to sing along to any song you hear,5572,10482,0,1,1,0,0,0
Grow a pumpkin-sized nose when you lie,Grow donkey ears when you're jealous,6242,9668,0,1,1,0,0,0
Make your browsing history public (including incognito and deleted),Never use the internet again,10348,5582,0,1,1,0,0,0
Face a zombie apocalypse,Face a robot apocalypse,11069,4963,0,1,1,0,0,0
Have the ability to transform into anything/anyone,Have the ability to gain any skill instantly,4780,11010,0,1,1,0,0,0
Be forced to high five everyone you make eye contact with,Salute every vehicle you see,9757,6251,0,1,1,0,0,0
Choose your phobias,Have your phobias assigned randomly,14130,1945,0,1,1,0,0,0
Live in an amusement park,Live in a zoo,11866,4332,0,1,1,0,0,0
Be a master of calligraphy,Be a master of origami,7982,8058,0,1,1,0,0,0
Never have to sleep again,Never have to eat again,11671,4587,0,1,1,0,0,0
Never age physically,Never age mentally,12581,3656,0,1,1,0,0,0
Be loved by all,Be respected by all,5893,10367,0,1,1,0,0,0
Lose the ability to use GPS,Lose the ability to use a credit card,9675,6408,0,1,1,0,0,0
Shave your eyebrows once a month,Lose one toe of your choice,6736,9540,0,1,1,0,0,0
Have incredibly strong legs and weak arms,Have incredibly strong arms and weak legs,8652,7427,0,1,1,0,0,0
